순번,회사명,단지명,생산품,1차분류,점수,업종군,KSIC,근거키워드,키워드출처,명세키워드만_분류,복수업종군,검수결과,검수메모
149997,(주)거성플랜트,,금속기둥,HIGH,15,1차금속,C24,금속,명세,HIGH,,,
150020,(주)디자인플랜트,,금속탱크,HIGH,15,1차금속,C24,금속,명세,HIGH,,,
150170,(주)세화레이져,,금속판,HIGH,15,1차금속,C24,금속,명세,HIGH,,,
150288,(주)에스앤뉴,청주오창제3일반산업단지,금속압형제품,HIGH,15,1차금속,C24,금속,명세,HIGH,,,
150176,(주)윈스터,,"금속,문,창",HIGH,15,1차금속,C24,금속,명세,HIGH,,,
149860,(주)천수산업,,"금속 문, 창, 셔터, 유압식 가동보, 수문",HIGH,15,1차금속,C24,금속,명세,HIGH,,,
150181,(주)파란이엠씨,,금속도어,HIGH,15,1차금속,C24,금속,명세,HIGH,,,
150249,금천하이텍,,"LED터널등기구,철제가로등주,스테인레스 가로등주, 조명타워,도로안전표지판,신호등주, 금속표시판, 전기조명장치, LED터널등기구,철제가로등주,스테인레스 가로등주, 조명타워,도로안전표지판,신호등주, 금속표시판, 전기조명장치, LED가로등기구, LED터널등기구,철제가로등주,스테인레스 가로등주, 조명타워,도로안전표지판,신호등주, 금속표시판, 전기조명장치",HIGH,15,1차금속,C24,금속,명세,HIGH,,,
149954,아경정밀,,금속 단조제품,HIGH,15,1차금속,C24,금속,명세,HIGH,,,
149795,엘. 투 이엔지,,금속제품,HIGH,15,1차금속,C24,금속,명세,HIGH,,,
149746,주식회사 이루,,"건물골조, 금속제 구조물용 기둥,금속제 구조물용 철골프레임",HIGH,15,1차금속,C24,금속,명세,HIGH,,,
150232,주식회사 진선건설산업,,"금속 문, 셔터 및 관련 제품, 금속 문, 셔터 및 관련 제품",HIGH,15,1차금속,C24,금속,명세,HIGH,,,
149799,주식회사 청솔이엔지,,"금속 문, 창, 셔터",HIGH,15,1차금속,C24,금속,명세,HIGH,,,
150268,중앙제관(주),,금속 포장용지,HIGH,15,1차금속,C24,금속,명세,HIGH,,,
150103,하나에이엠티(주),청주오창과학일반산업단지,"글라스가공, 금속분말",HIGH,15,1차금속,C24,금속,명세,HIGH,,,
150258,호연테크,,금속가구 등,HIGH,15,1차금속,C24,금속,명세,HIGH,,,
150048,(주)네패스,청주오창과학일반산업단지,반도체웨이퍼,HIGH,15,반도체·디스플레이,C26,"반도체, 웨이퍼",명세,HIGH,,,
149863,(주)네패스 (2공장),청주오창과학일반산업단지,"반도체 웨이퍼, 반도체 웨이퍼",HIGH,15,반도체·디스플레이,C26,"반도체, 웨이퍼",명세,HIGH,,,
149864,(주)네패스아크,청주오창과학일반산업단지,"반도체테스트, 전자부품제조",HIGH,15,반도체·디스플레이,C26,"반도체, 전자부품",명세+추가,HIGH,,,
150052,(주)두산테스나,청주오창과학일반산업단지,실리콘 웨이퍼,HIGH,15,반도체·디스플레이,C26,웨이퍼,명세,HIGH,,,
149974,(주)디엠비피,,PCB세정장비 및 주변장치,HIGH,15,반도체·디스플레이,C26,PCB,명세,HIGH,,,
150117,(주)라온솔루션,청주오창과학일반산업단지,반도체 테스트용 PCB,HIGH,15,반도체·디스플레이,C26,"반도체, PCB",명세,HIGH,,,
150053,(주)루트세미콘,청주오창과학일반산업단지,비메모리 반도체 OSAT,HIGH,15,반도체·디스플레이,C26,반도체,명세,HIGH,,,
150205,(주)리드엔지니어링,,반도체 장비,HIGH,15,반도체·디스플레이,C26,반도체,명세,HIGH,,,
150119,(주)삼화양행,청주오창과학일반산업단지,pcb인쇄회로기판가공및회로검사,HIGH,15,반도체·디스플레이,C26,"PCB, 인쇄회로기판",명세+추가,HIGH,,,
149749,(주)세일하이텍,,"점착제및특수테이프,표면보호테이프,반도체용특수점착소재",HIGH,15,반도체·디스플레이,C26,반도체,명세,HIGH,,,
150058,(주)센토솔루션,청주오창과학일반산업단지,반도체제조장비,HIGH,15,반도체·디스플레이,C26,반도체,명세,HIGH,,,
150123,(주)시아이솔루션,청주오창과학일반산업단지,인공지능 반도체 불량분석 광학 현미경,HIGH,15,반도체·디스플레이,C26,반도체,명세,HIGH,,,
149131,(주)심텍,청주오창과학일반산업단지,"인쇄회로기판, 인쇄회로기판, 인쇄회로기판",HIGH,15,반도체·디스플레이,C26,인쇄회로기판,추가,MFG,,,
150059,(주)심텍,청주오창과학일반산업단지,반도체PKG,HIGH,15,반도체·디스플레이,C26,반도체,명세,HIGH,,,
150124,(주)심텍,청주오창과학일반산업단지,반도체용PKG부품,HIGH,15,반도체·디스플레이,C26,반도체,명세,HIGH,,,
149132,(주)씨앤씨,청주오창과학일반산업단지,LCD,HIGH,15,반도체·디스플레이,C26,LCD,추가,MFG,,,
149133,(주)씨앤씨테크,청주오창과학일반산업단지,반도체테스트장비 등,HIGH,15,반도체·디스플레이,C26,반도체,명세,HIGH,,,
150207,(주)아이엠,,반도체부품,HIGH,15,반도체·디스플레이,C26,반도체,명세,HIGH,,,
150209,(주)아이엠,,반도체 부품,HIGH,15,반도체·디스플레이,C26,반도체,명세,HIGH,,,
150126,(주)아이윈,청주오창과학일반산업단지,반도체검사용소켓,HIGH,15,반도체·디스플레이,C26,반도체,명세,HIGH,,,
149136,(주)아큐라텍,청주오창과학일반산업단지,PCB,HIGH,15,반도체·디스플레이,C26,PCB,명세,HIGH,,,
149141,(주)에이아이테크,청주오창과학일반산업단지,PCB,HIGH,15,반도체·디스플레이,C26,PCB,명세,HIGH,,,
149142,(주)에이엘티,청주오창과학일반산업단지,"시스템반도체, 시스템반도체",HIGH,15,반도체·디스플레이,C26,반도체,명세,HIGH,,,
149143,(주)에이지피,청주오창과학일반산업단지,반도체,HIGH,15,반도체·디스플레이,C26,반도체,명세,HIGH,,,
149145,(주)에코플럭스,청주오창과학일반산업단지,"휴대폰전자부품,연마제",HIGH,15,반도체·디스플레이,C26,전자부품,추가,MFG,,,
150132,(주)엠케이켐앤텍,청주오창과학일반산업단지,반도체용PCB,HIGH,15,반도체·디스플레이,C26,"반도체, PCB",명세,HIGH,,,
149148,(주)엠케이켐앤텍 (2공장),청주오창과학일반산업단지,반도체용 PCB,HIGH,15,반도체·디스플레이,C26,"반도체, PCB",명세,HIGH,,,
149149,(주)와이드,청주오창과학일반산업단지,"의료용 Display, 전자칠판, 항공관제용 Display, 선박용 Display, 의료용 Display, 전자칠판, 항공관제용 Display, 선박용 Display, 안내전광판",HIGH,15,반도체·디스플레이,C26,Display,추가,MFG,,,
150068,(주)원익머트리얼즈,청주오창과학일반산업단지,반도체및산업용특수가스정제,HIGH,15,반도체·디스플레이,C26,반도체,명세,HIGH,,,
150136,(주)원익머트리얼즈 (2공장),청주오창과학일반산업단지,반도체용 전구체,HIGH,15,반도체·디스플레이,C26,반도체,명세,HIGH,,,
149155,(주)유니언스,청주오창과학일반산업단지,"불연고분자복합재료,반도체용공정물질, 트레일러용 스틸복합판넬",HIGH,15,반도체·디스플레이,C26,반도체,명세,HIGH,,,
150144,(주)큐펌 지점,청주오창과학일반산업단지,"PCB, 반도체 테스트보도",HIGH,15,반도체·디스플레이,C26,"반도체, PCB",명세,HIGH,,,
149160,(주)프라우텍,청주오창과학일반산업단지,적외선LED용에피웨이퍼,HIGH,15,반도체·디스플레이,C26,웨이퍼,명세,HIGH,,,
149890,(주)한림의료기,청주오창과학일반산업단지,"의료용기기,전자부품,전기장치,금형,의료용침대",HIGH,15,반도체·디스플레이,C26,전자부품,추가,MFG,,,
150148,(주)해치텍,청주오창과학일반산업단지,반도체 센서 IC,HIGH,15,반도체·디스플레이,C26,반도체,명세,HIGH,,,
150149,(주)해치텍,청주오창과학일반산업단지,센서반도체,HIGH,15,반도체·디스플레이,C26,반도체,명세,HIGH,,,
149981,디엠비피,,"PCB, LCD 세정장비 및 주변장치",HIGH,15,반도체·디스플레이,C26,"PCB, LCD",명세+추가,HIGH,,,
149971,비앤제이테크,,반도체 라벨제조 및 종이재단,HIGH,15,반도체·디스플레이,C26,반도체,명세,HIGH,,,
150308,삼보씨엠티,청주오창제3일반산업단지,전자부품 연마,HIGH,15,반도체·디스플레이,C26,전자부품,추가,MFG,,,
149900,세미테크(주),청주오창과학일반산업단지,반도체제조용장비,HIGH,15,반도체·디스플레이,C26,반도체,명세,HIGH,,,
149744,스마트전자(주),,"스피커,기타전자부품,멀티미디어Device,HI-FI AUDIO등",HIGH,15,반도체·디스플레이,C26,전자부품,추가,MFG,,,
150194,씨아이에프,,"반도체 전기전자 장비 제조,부품 가공",HIGH,15,반도체·디스플레이,C26,반도체,명세,HIGH,,,
149985,아이원테크,,"반도체장비프레임, 무인운반차제작",HIGH,15,반도체·디스플레이,C26,반도체,명세,HIGH,,,
150089,어보브반도체(주),청주오창과학일반산업단지,반도체,HIGH,15,반도체·디스플레이,C26,반도체,명세,HIGH,,,
150008,에디텍,,"전자, 반도체양산부품",HIGH,15,반도체·디스플레이,C26,반도체,명세,HIGH,,,
150091,에스에프씨(주),오창외국인투자지역,"OLED 발광재료, 진단시약, 진단시약",HIGH,15,반도체·디스플레이,C26,OLED,추가,MFG,,,
150092,에스에프씨(주),오창외국인투자지역,"OLED발광재료, 발광재료",HIGH,15,반도체·디스플레이,C26,OLED,추가,MFG,,,
149167,에스피텍(주),청주오창과학일반산업단지,반도체 반제품,HIGH,15,반도체·디스플레이,C26,반도체,명세,HIGH,,,
149833,유민테크,,반도체프레임,HIGH,15,반도체·디스플레이,C26,반도체,명세,HIGH,,,
149989,제이디아이,,반도체 장비,HIGH,15,반도체·디스플레이,C26,반도체,명세,HIGH,,,
150099,주식회사 클레버,청주오창과학일반산업단지,반도체 장비,HIGH,15,반도체·디스플레이,C26,반도체,명세,HIGH,,,
150159,케이테크,청주오창과학일반산업단지,"멀티헤드셋 등(음향기기, 의료기기, 전자부품)",HIGH,15,반도체·디스플레이,C26,전자부품,추가,MFG,,,
150164,허드슨첨단소재코리아 주식회사,청주오창과학일반산업단지,편광판,HIGH,15,반도체·디스플레이,C26,편광판,추가,MFG,,,
150070,(주)유아이디,청주오창과학일반산업단지,LCD액정유리코팅,HIGH,15,반도체·디스플레이 / 유리·세라믹·시멘트,C26 / C23,"LCD, 유리",명세+추가,HIGH,Y,,
149979,그린테크,,"반도체 유리, 렌즈",HIGH,15,반도체·디스플레이 / 유리·세라믹·시멘트,C26 / C23,"반도체, 유리",명세,HIGH,Y,,
150315,씨엔에스,,"산업용 유리가공,디스플레이 유리가공",HIGH,15,반도체·디스플레이 / 유리·세라믹·시멘트,C26 / C23,"디스플레이, 유리",명세,HIGH,Y,,
150093,에이지씨디스플레이글라스오창(주),오창외국인투자지역,LCD용 유리,HIGH,15,반도체·디스플레이 / 유리·세라믹·시멘트,C26 / C23,"LCD, 유리",명세+추가,HIGH,Y,,
150100,지에프(주),청주오창과학일반산업단지,"플렉시블(곡면) LCD/OLED/마이크로 LED디스플레이 패널, 차세대 초박형 유리(UTG), 휴대용전화기전용부품(UTG), 차세대 휴대용전화기전용부품(UTG)",HIGH,15,반도체·디스플레이 / 유리·세라믹·시멘트,C26 / C23,"디스플레이, LCD, OLED, 유리",명세+추가,HIGH,Y,,
150240,(주)모아텍,,lcd용 편광판 필름,HIGH,15,반도체·디스플레이 / 플라스틱·고무,C26 / C22,"LCD, 편광판, 필름",추가,MFG,Y,,
149147,(주)엘지화학,청주오창과학일반산업단지,"디스플레이용박리액, 편광판, 편광판표면처리필름",HIGH,15,반도체·디스플레이 / 플라스틱·고무,C26 / C22,"디스플레이, 편광판, 필름",명세+추가,HIGH,Y,,
149161,미래나노텍(주),청주오창과학일반산업단지,"LCD BLU용 광학필름, 윈도우필름",HIGH,15,반도체·디스플레이 / 플라스틱·고무,C26 / C22,"LCD, 필름",추가,MFG,Y,,
149834,유성산업,,"반도체,소방,가전분야등의 플라스틱 부품",HIGH,15,반도체·디스플레이 / 플라스틱·고무,C26 / C22,"반도체, 플라스틱",명세,HIGH,Y,,
150239,(주)넥스,,시멘트 콘크리트 판,HIGH,15,유리·세라믹·시멘트,C23,"시멘트, 콘크리트",명세+추가,HIGH,,,
149126,(주)디에스테크노,청주오창과학일반산업단지,"QUARTZ(석영) 가공품, QUARTZ(석영) 가공품",HIGH,15,유리·세라믹·시멘트,C23,"석영, QUARTZ",추가,MFG,,,
150169,(주)세미하이테크,,석영유리제품,HIGH,15,유리·세라믹·시멘트,C23,"유리, 석영",명세+추가,HIGH,,,
150069,(주)윈글라스,청주오창과학일반산업단지,기능성칼라유리,HIGH,15,유리·세라믹·시멘트,C23,유리,명세,HIGH,,,
149907,(주)유램코퍼레이션,,세라믹코팅제,HIGH,15,유리·세라믹·시멘트,C23,세라믹,명세,HIGH,,,
149752,(주)은성기업 콘크리트,,"콘크리트맨홀,스톤네트",HIGH,15,유리·세라믹·시멘트,C23,콘크리트,추가,MFG,,,
149156,(주)지큐엘,청주오창과학일반산업단지,쿼츠(석영) 가공품,HIGH,15,유리·세라믹·시멘트,C23,석영,추가,MFG,,,
150298,(주)티앤에스,청주오창제3일반산업단지,"우레탄방수재,칩바인더, 콘크리트용 혼화제",HIGH,15,유리·세라믹·시멘트,C23,콘크리트,추가,MFG,,,
149785,(주)티엔케이,,"강화유리, 접합유리",HIGH,15,유리·세라믹·시멘트,C23,유리,명세,HIGH,,,
150263,(주)한덕,,레미콘,HIGH,15,유리·세라믹·시멘트,C23,레미콘,추가,MFG,,,
150183,금성네트(주),,레미콘,HIGH,15,유리·세라믹·시멘트,C23,레미콘,추가,MFG,,,
149788,동일유리(주),,복층유리,HIGH,15,유리·세라믹·시멘트,C23,유리,명세,HIGH,,,
150187,보성맨홀,,"콘크리트 맨홀, 가로등기초",HIGH,15,유리·세라믹·시멘트,C23,콘크리트,추가,MFG,,,
150188,사단법인 함께하는 대원,,콘크리트 블록제품,HIGH,15,유리·세라믹·시멘트,C23,콘크리트,추가,MFG,,,
150216,신성아스콘  주식회사,,아스팔트콘크리트 및 혼합제품,HIGH,15,유리·세라믹·시멘트,C23,콘크리트,추가,MFG,,,
150198,은성산업기계,,콘크리트2차제품형틀제작 외,HIGH,15,유리·세라믹·시멘트,C23,콘크리트,추가,MFG,,,
150015,주식회사 미래미디어텍,,"칠판, 영사용스크린, 스크린보드, 유리칠판(글래스보드)",HIGH,15,유리·세라믹·시멘트,C23,유리,명세,HIGH,,,
150157,주식회사 순수바람,청주오창과학일반산업단지,"두피드라이어, 세라믹히터, 습식필터",HIGH,15,유리·세라믹·시멘트,C23,세라믹,명세,HIGH,,,
150102,토소쿼츠코리아(주),오창외국인투자지역,석영 및 세라믹,HIGH,15,유리·세라믹·시멘트,C23,"세라믹, 석영",명세+추가,HIGH,,,
149867,(주)다쓰에너지,청주오창과학일반산업단지,"MCCB, 바이오드",HIGH,15,의약·바이오,C21,바이오,명세,HIGH,,,
149875,(주)아이티켐,청주오창제2일반산업단지,"OPC드럼용 감광재료, 의약품원료",HIGH,15,의약·바이오,C21,의약,명세,HIGH,,,
150140,(주)유한양행,청주오창과학일반산업단지,의약품,HIGH,15,의약·바이오,C21,의약,명세,HIGH,,,
150141,(주)유한양행,청주오창과학일반산업단지,"의약품, 건강기능식품",HIGH,15,의약·바이오,C21,의약,명세,HIGH,,,
150090,에스에프씨(주),청주오창과학일반산업단지,"광전자물질,의약품원료",HIGH,15,의약·바이오,C21,의약,명세,HIGH,,,
149862,(재)충북테크노파크,청주오창과학일반산업단지,이차전지,HIGH,15,이차전지,C28,이차전지,명세,HIGH,,,
149124,(주)대원프리시전,청주오창과학일반산업단지,"이차전지 관련 정밀금형, 정밀기계부품 및 방산관련 기계부품 등",HIGH,15,이차전지,C28,이차전지,명세,HIGH,,,
150128,(주)아이티엠반도체,청주오창과학일반산업단지,"2차전지보호소자 POC, 2차전지보호소자 PCM, 전자담배 카트리지",HIGH,15,이차전지,C28,2차전지,추가,MFG,,,
150129,(주)앤비티에스,청주오창과학일반산업단지,"이차전지 제조설비, 이차전지 제조설비, 이차전지 제조설비",HIGH,15,이차전지,C28,이차전지,명세,HIGH,,,
149730,(주)에스엘파워,,"2차전지배터리팩,전자회로개폐,LED라이트,축전지",HIGH,15,이차전지,C28,"배터리, 2차전지, 축전지",명세+추가,HIGH,,,
149879,(주)에코프로비엠,청주오창과학일반산업단지,"이차전지소재, 이차전지소재",HIGH,15,이차전지,C28,이차전지,명세,HIGH,,,
149880,(주)에코프로비엠,청주오창과학일반산업단지,"2차전지용양극활물질, 2차전지용양극활물질",HIGH,15,이차전지,C28,2차전지,추가,MFG,,,
149881,(주)에코프로비엠 (3공장),청주오창제2일반산업단지,"리튬이차전지용 소재 중 양극활물질, 음극활물질",HIGH,15,이차전지,C28,"이차전지, 리튬",명세+추가,HIGH,,,
149883,(주)에코프로이노베이션,청주오창과학일반산업단지,양극활물질용 수산화리튬,HIGH,15,이차전지,C28,리튬,추가,MFG,,,
149884,(주)에코프로이노베이션,청주오창제2일반산업단지,"이차전지 소재, 이차전지 소재",HIGH,15,이차전지,C28,이차전지,명세,HIGH,,,
149906,(주)에프이에스,,이차전지 믹싱 탱크 소형 모듈,HIGH,15,이차전지,C28,이차전지,명세,HIGH,,,
149146,(주)엘지에너지솔루션,청주오창과학일반산업단지,2차전지,HIGH,15,이차전지,C28,2차전지,추가,MFG,,,
149852,(주)엘지에너지솔루션,청주오창제2일반산업단지,"2차전지 셀/모듈/팩,",HIGH,15,이차전지,C28,2차전지,추가,MFG,,,
149885,(주)원익피앤이,청주오창제2일반산업단지,2차전지 제조설비,HIGH,15,이차전지,C28,2차전지,추가,MFG,,,
150071,(주)이투텍,청주오창과학일반산업단지,이차전지용극판,HIGH,15,이차전지,C28,이차전지,명세,HIGH,,,
149889,(주)클라비스,청주오창과학일반산업단지,리튬이온전지부품,HIGH,15,이차전지,C28,리튬,추가,MFG,,,
149159,(주)파워로직스,청주오창과학일반산업단지,"2차전지용보호회로, ESS Rack, 2차전지용보호회로, ESS Rack, 2차전지용보호회로, ESS Rack",HIGH,15,이차전지,C28,"2차전지, ESS",추가,MFG,,,
150300,(주)폴,청주오창제3일반산업단지,축전지용 전극제,HIGH,15,이차전지,C28,축전지,추가,MFG,,,
150081,더블유스코프코리아(주),오창외국인투자지역,이차전지용 분리막,HIGH,15,이차전지,C28,"이차전지, 분리막",명세,HIGH,,,
150082,더블유스코프코리아(주),오창외국인투자지역,이차전지용 분리막,HIGH,15,이차전지,C28,"이차전지, 분리막",명세,HIGH,,,
150083,더블유씨피(주),오창외국인투자지역,이차전지용 분리막,HIGH,15,이차전지,C28,"이차전지, 분리막",명세,HIGH,,,
149856,도레이비에스에프코팅한국(유),청주오창제2일반산업단지,"2차전지용 안정성강화 분리막 , 2차전지용 안정성강화 분리막",HIGH,15,이차전지,C28,"분리막, 2차전지",명세+추가,HIGH,,,
150155,자인에너지(주),청주오창과학일반산업단지,이차전지 및 이차전지 소재,HIGH,15,이차전지,C28,이차전지,명세,HIGH,,,
149797,주식회사 마루온,,"BMS(배터리 보호장치), BMS(배터리 보호장치), BMS(배터리 보호장치), BMS(배터리 보호장치)",HIGH,15,이차전지,C28,"배터리, BMS",명세+추가,HIGH,,,
149843,주식회사 쎈파워,,축전지,HIGH,15,이차전지,C28,축전지,추가,MFG,,,
149776,주식회사 이브이케이엠씨,,전기차 배터리 팩,HIGH,15,이차전지,C28,배터리,명세,HIGH,,,
150237,(주)지오테크,서오창테크노밸리,"반도체, 2차전지 장비제작",HIGH,15,이차전지 / 반도체·디스플레이,C28 / C26,"2차전지, 반도체",명세+추가,HIGH,Y,,
150011,영테크,,"반도체자동화장비설비, 이차전지설비",HIGH,15,이차전지 / 반도체·디스플레이,C28 / C26,"이차전지, 반도체",명세,HIGH,Y,,
149882,(주)에코프로에이치엔,청주오창과학일반산업단지,"화학필터, 온실가스저감장치, 실리콘합성 첨가제, 양극재 도판트, 양극재 도가니",HIGH,15,이차전지 / 화학,C28 / C20,"양극재, 화학",명세,HIGH,Y,,
149999,(주)서림테크,,플라스틱부품,HIGH,15,플라스틱·고무,C22,플라스틱,명세,HIGH,,,
152021,(주)세일하이텍,청주오창과학일반산업단지,"광학필름, 점착필름",HIGH,15,플라스틱·고무,C22,필름,추가,MFG,,,
150245,(주)아바텍,,전도성 투명필름코팅,HIGH,15,플라스틱·고무,C22,필름,추가,MFG,,,
150065,(주)옵티플,청주오창과학일반산업단지,"플라스틱필름, 투과율가변필름",HIGH,15,플라스틱·고무,C22,"플라스틱, 필름",명세+추가,HIGH,,,
150073,(주)제이피이,청주오창과학일반산업단지,광기능성필름,HIGH,15,플라스틱·고무,C22,필름,추가,MFG,,,
150179,(주)청주씨엠씨,,산업요으 화자품요으 식품포장용 필름,HIGH,15,플라스틱·고무,C22,필름,추가,MFG,,,
150221,(주)케이에이피에스,,광학 및 데크레이션 필름,HIGH,15,플라스틱·고무,C22,필름,추가,MFG,,,
150223,(주)큐어바이오텍,,생분해성 플라스틱,HIGH,15,플라스틱·고무,C22,플라스틱,명세,HIGH,,,
149737,(주)플라워밀,,"플라스틱[부직포, 종이]포장지",HIGH,15,플라스틱·고무,C22,플라스틱,명세,HIGH,,,
149162,미래나노텍글로벌(주),청주오창과학일반산업단지,재귀반사필름,HIGH,15,플라스틱·고무,C22,필름,추가,MFG,,,
149163,미래비젼(주),청주오창과학일반산업단지,투명전도성필름,HIGH,15,플라스틱·고무,C22,필름,추가,MFG,,,
149756,상록테크,,"플라시트 시트 및 판, 플라스틱 용기",HIGH,15,플라스틱·고무,C22,플라스틱,명세,HIGH,,,
150254,엔에스테크,,포장용 플라스틱 성형용기,HIGH,15,플라스틱·고무,C22,플라스틱,명세,HIGH,,,
150094,엠씨케이(주),청주오창과학일반산업단지,"연마벨트, 클린패드, 항균필름 등",HIGH,15,플라스틱·고무,C22,필름,추가,MFG,,,
150043,유진광학,,플라스틱 안경렌즈,HIGH,15,플라스틱·고무,C22,플라스틱,명세,HIGH,,,
150035,주식회사 그린엠,,플라스틱 영구자석 사출제조,HIGH,15,플라스틱·고무,C22,플라스틱,명세,HIGH,,,
149758,주식회사 세종산업,,기타 건축용 플라스틱 조립제품 제조업,HIGH,15,플라스틱·고무,C22,플라스틱,명세,HIGH,,,
149775,주식회사 세종산업,,플라스틱,HIGH,15,플라스틱·고무,C22,플라스틱,명세,HIGH,,,
150038,주식회사 키스톤,,윈도우 필름,HIGH,15,플라스틱·고무,C22,필름,추가,MFG,,,
150234,주식회사 포엘 오창지점,,광학필름,HIGH,15,플라스틱·고무,C22,필름,추가,MFG,,,
150101,케이엠텍(주),청주오창과학일반산업단지,산업용필름,HIGH,15,플라스틱·고무,C22,필름,추가,MFG,,,
150218,(주)유진윈시스,,"가공유리,알루미늄샷시문틀,플라스틱샷시문틀",HIGH,15,플라스틱·고무 / 유리·세라믹·시멘트,C22 / C23,"플라스틱, 유리",명세,HIGH,Y,,
150204,(주)디에스이에스,,"화분받침대, 재생수지원료",HIGH,15,화학,C20,수지,명세,HIGH,,,
150116,(주)디엠씨케이컴퍼니,청주오창과학일반산업단지,화장품,HIGH,15,화학,C20,화장품,추가,MFG,,,
150284,(주)미유테크,청주오창제3일반산업단지,"세정제, 유압유 등",HIGH,15,화학,C20,세정제,추가,MFG,,,
150057,(주)비마이랩,청주오창과학일반산업단지,화장품,HIGH,15,화학,C20,화장품,추가,MFG,,,
149871,(주)비엔코스,청주오창과학일반산업단지,"화장품(스킨,립스틱,로션,파우다 등)",HIGH,15,화학,C20,화장품,추가,MFG,,,
150285,(주)비제이바이오켐,청주오창제3일반산업단지,"화장품원료, 세정제원료",HIGH,15,화학,C20,"화장품, 세정제",추가,MFG,,,
149872,(주)사임당화장품,청주오창과학일반산업단지,"화장품, 기타식료품",HIGH,15,화학,C20,화장품,추가,MFG,,,
150061,(주)알엔아이켐텍,청주오창과학일반산업단지,세정제,HIGH,15,화학,C20,세정제,추가,MFG,,,
150062,(주)에스아이디바이오,청주오창과학일반산업단지,화장품 원료,HIGH,15,화학,C20,화장품,추가,MFG,,,
149153,(주)원앤씨,청주오창과학일반산업단지,"화장품 등, 샴푸, 락스 등, 화장품 등, 화장품 등",HIGH,15,화학,C20,화장품,추가,MFG,,,
149154,(주)원앤씨,청주오창과학일반산업단지,"화장품,세정제,락스",HIGH,15,화학,C20,"화장품, 세정제",추가,MFG,,,
150293,(주)제이에이치씨,청주오창제3일반산업단지,산업용 세정제 및 전도성 접착제,HIGH,15,화학,C20,"접착, 세정제",명세+추가,HIGH,,,
150295,(주)제이엠에스앤컴퍼니,청주오창제3일반산업단지,윤활유 외,HIGH,15,화학,C20,윤활유,추가,MFG,,,
150296,(주)제이투케이바이오,청주오창제3일반산업단지,화장품 원료,HIGH,15,화학,C20,화장품,추가,MFG,,,
150297,(주)젠텍,청주오창제3일반산업단지,색조화장품용안료,HIGH,15,화학,C20,화장품,추가,MFG,,,
150178,(주)청도,,수지인쇄판,HIGH,15,화학,C20,수지,명세,HIGH,,,
149892,광동헬스바이오(주),청주오창과학일반산업단지,"기능성식품, 화장품, 기타식료품",HIGH,15,화학,C20,화장품,추가,MFG,,,
149893,단일가스켐(주),청주오창과학일반산업단지,"의료용가스, 산업용가스, 의료용가스, 산업용가스, 의료용가스, 산업용가스, 의료용가스, 산업용가스",HIGH,15,화학,C20,"산업용가스, 의료용가스",추가,MFG,,,
150152,베넥스바이오(주),청주오창과학일반산업단지,화장품 원료,HIGH,15,화학,C20,화장품,추가,MFG,,,
150153,업사이클린,청주오창과학일반산업단지,화장품,HIGH,15,화학,C20,화장품,추가,MFG,,,
149935,옥성케미칼,,화장품용기 및 생활용품,HIGH,15,화학,C20,화장품,추가,MFG,,,
149772,월드오일코리아(주),,윤활유,HIGH,15,화학,C20,윤활유,추가,MFG,,,
150156,제이씨엘바이오,청주오창과학일반산업단지,"천연추출물, 크릴오일, 화장품 등",HIGH,15,화학,C20,화장품,추가,MFG,,,
150310,주식회사 엑티브온,청주오창제3일반산업단지,화장품 원료 방부제,HIGH,15,화학,C20,화장품,추가,MFG,,,
150282,한국DNA밸리,,"녹차분말, 팥분말(화장품 재료)",HIGH,15,화학,C20,화장품,추가,MFG,,,
149886,(주)윈플로,청주오창과학일반산업단지,"콘크리트용화학혼화제, 시멘트첨가제",HIGH,15,화학 / 유리·세라믹·시멘트,C20 / C23,"화학, 시멘트, 콘크리트",명세+추가,HIGH,Y,,
150238,주식회사 벅스존,서오창테크노밸리,"산업용탈취제, 의약외품(손소독제, 기피제), 안전확인대상생활화학제품(살충제, 살서제, 살균제), 의약외품(손소독제, 기피제), 안전확인대상생활화학제품(살충제, 살서제, 살균제)",HIGH,15,화학 / 의약·바이오,C20 / C21,"화학, 의약",명세,HIGH,Y,,
150214,㈜티앤에스,,합성수지 및 기타 플라스틱 물질,HIGH,15,화학 / 플라스틱·고무,C20 / C22,"수지, 플라스틱",명세,HIGH,Y,,
150190,성대건설(주),,"금속 알루미늄창호,합성수지 플라스틱창호",HIGH,15,화학 / 플라스틱·고무 / 1차금속,C20 / C22 / C24,"수지, 플라스틱, 금속",명세,HIGH,Y,,
149941,(주)가나안공조,,공조기 및 기류순환휀,MFG,8,,,,,MFG,,,
150113,(주)가솔릭,청주오창과학일반산업단지,"언택트항균버튼펜, UV(자외선) 살균기 에너지효율화 시스템",MFG,8,,,,,MFG,,,
149780,(주)가인철강,,H빔관련제품,MFG,8,,,,,MFG,,,
149781,(주)가인철강,,H빔,MFG,8,,,,,MFG,,,
149724,(주)경인이피에스,,스티로품 박스,MFG,8,,,,,MFG,,,
150107,(주)고려기획,,"명함, 스티커, 카다록, 교육교재, 제본, 현수막, 실사출력",MFG,8,,,,,MFG,,,
149818,(주)곡물면가,,"면류, 견과류 가공품",MFG,8,,,,,MFG,,,
149804,(주)공영엔지니어링,,"질소발생기,산소발생기",MFG,8,,,,,MFG,,,
149939,(주)규보식품,,조미김,MFG,8,,,,,MFG,,,
150045,(주)그린광학 (1공장),청주오창과학일반산업단지,"렌즈,프리즘 등 광학부품",MFG,8,,,,,MFG,,,
150046,(주)그린광학 (2공장),청주오창과학일반산업단지,광학부품,MFG,8,,,,,MFG,,,
150047,(주)그린광학 (3공장),청주오창과학일반산업단지,광학부품 및 광시스템,MFG,8,,,,,MFG,,,
150114,(주)나인,청주오창과학일반산업단지,"광학렌즈, 망원경, 현미경 등",MFG,8,,,,,MFG,,,
149865,(주)네패스야하드,청주오창과학일반산업단지,"lead tab, lead tab",MFG,8,,,,,MFG,,,
149123,(주)넥스포,청주오창과학일반산업단지,전극판 부품 제조,MFG,8,,,,,MFG,,,
150049,(주)노바렉스 (1공장),청주오창과학일반산업단지,"기능성식품원료,건강보조식품,특수영양식품",MFG,8,,,,,MFG,,,
150050,(주)노바렉스 (2공장),청주오창과학일반산업단지,"건강보조식품,음료",MFG,8,,,,,MFG,,,
149866,(주)녹십자,청주오창과학일반산업단지,생물학적제제,MFG,8,,,,,MFG,,,
149933,(주)누리라인,,철도차량부품,MFG,8,,,,,MFG,,,
149868,(주)다쓰테크 (2공장),청주오창과학일반산업단지,태양광인버터,MFG,8,,,,,MFG,,,
150051,(주)다온아이앤씨,청주오창과학일반산업단지,의료기기,MFG,8,,,,,MFG,,,
149869,(주)다요앤,청주오창과학일반산업단지,환자용보조기구,MFG,8,,,,,MFG,,,
149805,(주)다원엘리베이터,,엘리베이터 제작,MFG,8,,,,,MFG,,,
149725,(주)다진산업,,조립식 판넬,MFG,8,,,,,MFG,,,
150165,(주)다해레이저,,목금형,MFG,8,,,,,MFG,,,
149940,(주)담김,,김치류제조,MFG,8,,,,,MFG,,,
149819,(주)대광지관,,면방적용 종이깔대기,MFG,8,,,,,MFG,,,
149998,(주)대범이엔지,,고속스핀들,MFG,8,,,,,MFG,,,
150019,(주)대상티케이,,전기자동 제어반,MFG,8,,,,,MFG,,,
150115,(주)대성이엔지,청주오창과학일반산업단지,난방용전열관,MFG,8,,,,,MFG,,,
149870,(주)대현에스티,청주오창제2일반산업단지,산업용테이프,MFG,8,,,,,MFG,,,
150166,(주)대흥전기공업,,변압기,MFG,8,,,,,MFG,,,
149911,(주)동서엔지니어링,,산업기계,MFG,8,,,,,MFG,,,
149912,(주)동서엔지니어링,,산업기계,MFG,8,,,,,MFG,,,
149763,(주)디아이테크,,산업용정수장치,MFG,8,,,,,MFG,,,
149125,(주)디앤티,청주오창과학일반산업단지,"의료용 모니터, 교육용 모니터, 게임용 모니터",MFG,8,,,,,MFG,,,
149820,(주)디에이치아이에스,,"변압기, 배전반",MFG,8,,,,,MFG,,,
150108,(주)라인통신,,"CCTV,방송장비",MFG,8,,,,,MFG,,,
149942,(주)로가닉코리아,,수처리 필터,MFG,8,,,,,MFG,,,
149943,(주)리우,,"자동차프레스금형, 자동화설비, 부품가공제작",MFG,8,,,,,MFG,,,
150283,(주)리우테크,청주오창제3일반산업단지,자동차 금형 부품,MFG,8,,,,,MFG,,,
149975,(주)마그피아,,"자석 문구류, PTC 히터",MFG,8,,,,,MFG,,,
150054,(주)마크로케어,청주오창과학일반산업단지,"미백,항염,보습제,어리콜라겐,스테비오사이드",MFG,8,,,,,MFG,,,
150021,(주)맥솔,,"magnetron, magnet gear",MFG,8,,,,,MFG,,,
150055,(주)메디톡스,청주오창과학일반산업단지,보툴리눔독소A형주사제,MFG,8,,,,,MFG,,,
150167,(주)메디플러스,,인공수정체삽입장치,MFG,8,,,,,MFG,,,
149840,(주)명성에이앤티,,"수유쿠션,진동센서,약상자,판넬설계 및 제작",MFG,8,,,,,MFG,,,
149841,(주)명성에이앤티,,자동제어반 및 HMI System,MFG,8,,,,,MFG,,,
150056,(주)명정보기술,청주오창과학일반산업단지,"데이터복구, 의료용마스크",MFG,8,,,,,MFG,,,
150118,(주)바이오리듬,청주오창과학일반산업단지,코팅된 김치유산균,MFG,8,,,,,MFG,,,
149764,(주)반석티브이에스,,TVS판넬제품,MFG,8,,,,,MFG,,,
149127,(주)백산린텍스,청주오창과학일반산업단지,고기능성부직포,MFG,8,,,,,MFG,,,
149944,(주)베러펫,,반려동물 사료,MFG,8,,,,,MFG,,,
149128,(주)삼영오토,청주오창과학일반산업단지,자동차사이드미러,MFG,8,,,,,MFG,,,
149821,(주)삼우이엔씨,,"자동제어반, 자동제어반, 자동제어반, 자동제어반, 자동제어반, 자동제어반",MFG,8,,,,,MFG,,,
149726,(주)상지인터내쇼날,,"PS및PP용기, 농업용폿트, 식품보호용기",MFG,8,,,,,MFG,,,
149727,(주)새한,,사이드미러,MFG,8,,,,,MFG,,,
150241,(주)새한엔지니어링,,"연구소세척기, 액체 여과기",MFG,8,,,,,MFG,,,
150120,(주)서경산업,청주오창과학일반산업단지,"비대면방역소독기, 방역소독기, 차량용방역소독기 등",MFG,8,,,,,MFG,,,
149129,(주)서정오토,청주오창과학일반산업단지,Actuator,MFG,8,,,,,MFG,,,
149913,(주)서진이엔지,,"대차,보관함 외",MFG,8,,,,,MFG,,,
150121,(주)서흥헬스케어,청주오창과학일반산업단지,"건강기능성식품, 기타식료품, 기타 비알코올음료",MFG,8,,,,,MFG,,,
150168,(주)선일,,"치솔캡,치약캡,샴프캡",MFG,8,,,,,MFG,,,
150022,(주)선재이엔지,,"알루미늄 후레임 제작, 철 구조물",MFG,8,,,,,MFG,,,
150242,(주)성신산전,,CRADLE 및 MECHA,MFG,8,,,,,MFG,,,
150244,(주)성신산전,,고압차단기 변전외함,MFG,8,,,,,MFG,,,
149728,(주)성원이엔지,,특장차 부품 용접 및 제관용접,MFG,8,,,,,MFG,,,
149729,(주)성은물류(청주공장),,목재파렛트,MFG,8,,,,,MFG,,,
150286,(주)세라수,청주오창제3일반산업단지,UV차단제,MFG,8,,,,,MFG,,,
149962,(주)세영푸드,,오리정육 및 훈제품,MFG,8,,,,,MFG,,,
149750,(주)세종스티로폼,,발포 성형 스티로폼,MFG,8,,,,,MFG,,,
149873,(주)셀트리온 제약,청주오창제2일반산업단지,"고덱스, 소멕스 등 48품목",MFG,8,,,,,MFG,,,
150206,(주)솔머티리얼즈,,CO2,MFG,8,,,,,MFG,,,
149976,(주)수영정밀,,"사출금형, 다이캐스팅금형",MFG,8,,,,,MFG,,,
150122,(주)순수바람,청주오창과학일반산업단지,"드라이어, 공기청정기, 헤어스타일러 등",MFG,8,,,,,MFG,,,
150260,(주)스닉스전자,,고데기,MFG,8,,,,,MFG,,,
149130,(주)시아스,청주오창과학일반산업단지,"천연및혼합조미료, 식품첨가물",MFG,8,,,,,MFG,,,
149846,(주)시작솔루션,,AI 컴퓨터 프로그램 포팅,MFG,8,,,,,MFG,,,
149874,(주)씨비엔바이오텍,청주오창과학일반산업단지,"배양산삼,미생물제제공생균",MFG,8,,,,,MFG,,,
150287,(주)씨알엠,청주오창제3일반산업단지,PVC SOL,MFG,8,,,,,MFG,,,
150060,(주)씨엠솔루션,청주오창과학일반산업단지,Hubless Blade,MFG,8,,,,,MFG,,,
150160,(주)씨엠테크놀러지,,태양광 접속함,MFG,8,,,,,MFG,,,
150000,(주)씨푸드,,수산물가공품,MFG,8,,,,,MFG,,,
150125,(주)아리제약,청주오창과학일반산업단지,"정제,캡슐제",MFG,8,,,,,MFG,,,
149945,(주)아이엔이티,,솔라장비부품,MFG,8,,,,,MFG,,,
150208,(주)아이엠,,"진공펌프 수리, 판매",MFG,8,,,,,MFG,,,
149134,(주)아이윈플러스,청주오창과학일반산업단지,CSP패키지,MFG,8,,,,,MFG,,,
150127,(주)아이티바이오,청주오창과학일반산업단지,"실크단백질마스크,마그네틱센서등",MFG,8,,,,,MFG,,,
149135,(주)아이티엠반도체(2공장),청주오창과학일반산업단지,one chip,MFG,8,,,,,MFG,,,
149876,(주)아임삭,청주오창과학일반산업단지,"전동공구,석고절단기",MFG,8,,,,,MFG,,,
150171,(주)아하,,"기타 주변기기, 방송장비, 전자교탁, 전자칠판, 판서모니터, 비디오 및 기타 영상기기, 기타 음향기기",MFG,8,,,,,MFG,,,
179609,(주)알래스카드림,,"인산식품, 다류(액상차)",MFG,8,,,,,MFG,,,
150172,(주)알이티,,인공수정체삽입장치,MFG,8,,,,,MFG,,,
150024,(주)알케이인터내셔널,,"호퍼,스윙파이프,플랩엘보우",MFG,8,,,,,MFG,,,
149877,(주)엄마사랑,청주오창과학일반산업단지,"선식, 미숫가루, 시리얼바 등",MFG,8,,,,,MFG,,,
150130,(주)에스엔티코리아,청주오창과학일반산업단지,2차 전지,MFG,8,,,,,MFG,,,
149137,(주)에스엠알오토모티브모듈코리아,청주오창과학일반산업단지,"자동차부품,자동차후사경",MFG,8,,,,,MFG,,,
149138,(주)에스엠알효상,청주오창과학일반산업단지,Actuator,MFG,8,,,,,MFG,,,
149139,(주)에스와이,청주오창과학일반산업단지,자동차사이드미러,MFG,8,,,,,MFG,,,
149822,(주)에스폴리텍,,PC.PMMA.시트,MFG,8,,,,,MFG,,,
149140,(주)에어레인,청주오창과학일반산업단지,기체분류모듈 등,MFG,8,,,,,MFG,,,
149847,(주)에이브이지니어스,,자율주행부품,MFG,8,,,,,MFG,,,
150131,(주)에이치디아이,청주오창과학일반산업단지,치과용 의료기기,MFG,8,,,,,MFG,,,
149878,(주)에이티면역,청주오창과학일반산업단지,배합사료 및 첨가제,MFG,8,,,,,MFG,,,
150289,(주)에코리치,청주오창제3일반산업단지,필터프레임,MFG,8,,,,,MFG,,,
149144,(주)에코앤드림,청주오창과학일반산업단지,"자동차 친환경 구조변경(일반정비 제외), 자동차부품, 자동차부품, 자동차부품, 자동차 친환경 구조변경(일반정비 제외)",MFG,8,,,,,MFG,,,
150063,(주)엔에스머티리얼즈,청주오창과학일반산업단지,리드탭,MFG,8,,,,,MFG,,,
150064,(주)엔푸드,청주오창과학일반산업단지,유자차,MFG,8,,,,,MFG,,,
150290,(주)엔피씨앤에이,청주오창제3일반산업단지,"케이블, 하네스",MFG,8,,,,,MFG,,,
149963,(주)엘케이테크놀러지,,SUS PLATE,MFG,8,,,,,MFG,,,
150261,(주)엠테크,,프레타이,MFG,8,,,,,MFG,,,
149782,(주)엠티이엔지,,"하수구청소차,렉카차,트레일러,자동차연료탱크",MFG,8,,,,,MFG,,,
150173,(주)예담에스피,,폴리봉투,MFG,8,,,,,MFG,,,
150133,(주)옴니솔루션,청주오창과학일반산업단지,무선계측기,MFG,8,,,,,MFG,,,
150134,(주)옵티바이오,청주오창과학일반산업단지,체외진단 의료기기,MFG,8,,,,,MFG,,,
150135,(주)옵티바이오,청주오창과학일반산업단지,"체외진단 의료기기, 체외진단 의료기기, 체외진단 의료기기, 체외진단 의료기기, 체외진단 의료기기",MFG,8,,,,,MFG,,,
149150,(주)와이엠텍,청주오창과학일반산업단지,relay,MFG,8,,,,,MFG,,,
150210,(주)와이테크,,"압력용기, 배관",MFG,8,,,,,MFG,,,
150066,(주)요거마마,청주오창과학일반산업단지,그릭요거트,MFG,8,,,,,MFG,,,
150067,(주)우림,청주오창과학일반산업단지,자동제어기,MFG,8,,,,,MFG,,,
149151,(주)우수컨버팅,청주오창과학일반산업단지,물티슈,MFG,8,,,,,MFG,,,
149152,(주)우진산전,청주오창과학일반산업단지,"경량전철및철도차량전기품, 저탄소 버스",MFG,8,,,,,MFG,,,
149823,(주)우진폼테크,,스틸폼(철구조물),MFG,8,,,,,MFG,,,
149824,(주)우진폼테크,,철구조물,MFG,8,,,,,MFG,,,
150025,(주)운하산업,,"조립구조재, 조립구조재",MFG,8,,,,,MFG,,,
149928,(주)워터케이,,"정수장비세트,무선수위조절기,약품투입기",MFG,8,,,,,MFG,,,
150246,(주)워텍,,"정수장비, STS물탱크, 무선수위조절기, 압력측정유량계, 약품투입기, 유선수위조절기, 배전반",MFG,8,,,,,MFG,,,
150174,(주)원동케미칼,,"재생스치로폴, 재생레진",MFG,8,,,,,MFG,,,
149751,(주)원영엘리베이터,,엘리베이터,MFG,8,,,,,MFG,,,
150137,(주)원익머트리얼즈 (3공장),청주오창과학일반산업단지,N2O 등,MFG,8,,,,,MFG,,,
150175,(주)월드팩,,박스,MFG,8,,,,,MFG,,,
150138,(주)유니언스 (2공장),청주오창과학일반산업단지,전선용 컴파운드,MFG,8,,,,,MFG,,,
149848,(주)유비콤,,"무선원격검침시스템,건물용전력제어시스템",MFG,8,,,,,MFG,,,
149849,(주)유비콤,,무선원격검침기,MFG,8,,,,,MFG,,,
149783,(주)유석철강 청주지점,,"C형강,데크플랜트",MFG,8,,,,,MFG,,,
150001,(주)유진테크놀로지,,"금형,정밀기게가공부품",MFG,8,,,,,MFG,,,
150139,(주)유트론,청주오창과학일반산업단지,전자기기 및 통신기기 등,MFG,8,,,,,MFG,,,
149825,(주)윤성엠씨,,"돼지고기, 소고기",MFG,8,,,,,MFG,,,
150219,(주)은성엔지니어링,,배전반,MFG,8,,,,,MFG,,,
150177,(주)이노에어,,"송풍기및공기순환용팬,공기조화기,차량용순환팬",MFG,8,,,,,MFG,,,
150247,(주)이노텍,,인조대리석,MFG,8,,,,,MFG,,,
149766,(주)이비가에프엔비,,면류 및 소스류 외,MFG,8,,,,,MFG,,,
150142,(주)이에프아이,청주오창과학일반산업단지,산업처리 공정 제어장치,MFG,8,,,,,MFG,,,
150248,(주)이원,,제약포장지,MFG,8,,,,,MFG,,,
150291,(주)이지푸드,청주오창제3일반산업단지,치즈스틱,MFG,8,,,,,MFG,,,
150072,(주)일신다이컷,청주오창과학일반산업단지,목금형,MFG,8,,,,,MFG,,,
150292,(주)일진게이트,청주오창제3일반산업단지,단열현관문,MFG,8,,,,,MFG,,,
149914,(주)정진플랜트설비,,"TANK류 및 골조, 배관",MFG,8,,,,,MFG,,,
149842,(주)정푸드,,"삼겹살,항정상,사태살",MFG,8,,,,,MFG,,,
149964,(주)제이에이치컴퍼니,,"무인운반차, 클린케이블, 케이블하네스",MFG,8,,,,,MFG,,,
150294,(주)제이에이치켐,청주오창제3일반산업단지,"폴리우레아 도막방수재, 투수포장재 등",MFG,8,,,,,MFG,,,
150143,(주)제이엘케이,청주오창과학일반산업단지,"의료영상진단제조, 인공지능SW(기계학습 기술)",MFG,8,,,,,MFG,,,
149887,(주)젠한국(ZEN),청주오창과학일반산업단지,"가정용,장식용도자기",MFG,8,,,,,MFG,,,
149784,(주)주성,,복합판넬 가공,MFG,8,,,,,MFG,,,
149946,(주)중앙프로파일,,알루미늄 프로파일 조립품,MFG,8,,,,,MFG,,,
150220,(주)지심테크,,제올라이트흡수제,MFG,8,,,,,MFG,,,
150269,(주)지알바이오(GR BIO),,"우드칩,톱밥",MFG,8,,,,,MFG,,,
149731,(주)지엘켐 오창공장,,소포제,MFG,8,,,,,MFG,,,
150212,(주)지톤그룹,,고소작업차,MFG,8,,,,,MFG,,,
149915,(주)진우아이엔씨,,콘테이너,MFG,8,,,,,MFG,,,
149888,(주)창성피앤에스,청주오창과학일반산업단지,인쇄및제책제본기,MFG,8,,,,,MFG,,,
149965,(주)천수,,레이져가공품,MFG,8,,,,,MFG,,,
149934,(주)첨단기업,,"4D체어, 자동제어 KIT",MFG,8,,,,,MFG,,,
149826,(주)청도,,스테이플,MFG,8,,,,,MFG,,,
149916,(주)체리부로,,염장절단육,MFG,8,,,,,MFG,,,
150262,(주)카본엔네이처,,"세솔, 오터맥스",MFG,8,,,,,MFG,,,
149157,(주)케이에스엠메탈스,오창외국인투자지역,Nd 메탈,MFG,8,,,,,MFG,,,
149732,(주)케이지텍,,건축자재,MFG,8,,,,,MFG,,,
149158,(주)케이파워즈,청주오창과학일반산업단지,PCM,MFG,8,,,,,MFG,,,
149827,(주)코리아컴포지트,,SMC시트,MFG,8,,,,,MFG,,,
150180,(주)코스모파워,,"저압,고압 수배전반, DC접속반, LED전광판보드",MFG,8,,,,,MFG,,,
149733,(주)코카브,,탄소섬유단열제,MFG,8,,,,,MFG,,,
149806,(주)쿡소스,,각종소스,MFG,8,,,,,MFG,,,
150222,(주)큐어바이오켐,,글리콜라이드,MFG,8,,,,,MFG,,,
149734,(주)태산하이텍,,"배전반, 전기자동제어반",MFG,8,,,,,MFG,,,
150145,(주)테스트테크,청주오창과학일반산업단지,전기회로판검사 등,MFG,8,,,,,MFG,,,
150146,(주)테스트테크,청주오창과학일반산업단지,"패키지 기판 전기검사, uv레이저 홀가공",MFG,8,,,,,MFG,,,
150213,(주)테크윈,,"철구조물,앵글,블라켓트,수상태양력 부력재",MFG,8,,,,,MFG,,,
149735,(주)토마스,,"전선, 자동화 부품",MFG,8,,,,,MFG,,,
149736,(주)토마스케이블,,"전선, 자동화 부품, 기타절연선 및 케이블",MFG,8,,,,,MFG,,,
150109,(주)티니코,,"의료기기, 척추고정기기 임플란트, 산업용 링 패스너",MFG,8,,,,,MFG,,,
150299,(주)티앤에스,청주오창제3일반산업단지,"우레탄방수재, 칩바인더",MFG,8,,,,,MFG,,,
149753,(주)티앤티원,,"특장차, 특장차, 특장차, 특장차, 특장차",MFG,8,,,,,MFG,,,
150147,(주)티엠에스헬스케어,청주오창과학일반산업단지,천연추출물,MFG,8,,,,,MFG,,,
149977,(주)파인드몰드,,"알루미늄프로파일구조재, 풀림방지너트, 크린부스",MFG,8,,,,,MFG,,,
150270,(주)팜스토리한냉,,"포장육, 냉동농수산물",MFG,8,,,,,MFG,,,
149807,(주)포정유통,,"가공.양념돈육, 돈육지방,양념소스혼합양념",MFG,8,,,,,MFG,,,
149966,(주)피씨엠솔루션,,"물질검사, 측정 및 분석기구 제조업",MFG,8,,,,,MFG,,,
149738,(주)피제이솔루션,,LDI&NFC PACKAGE A'SSY 및 검사,MFG,8,,,,,MFG,,,
150301,(주)하람,청주오창제3일반산업단지,"과일즙(배, 사과), 약재(당귀, 대추)",MFG,8,,,,,MFG,,,
150182,(주)하영에스엠씨,,크린탱크정밀부품,MFG,8,,,,,MFG,,,
149853,(주)하우앳,청주오창과학일반산업단지,무선영상송수신모뎀,MFG,8,,,,,MFG,,,
149854,(주)하우앳,청주오창과학일반산업단지,무선영상송수신모뎀,MFG,8,,,,,MFG,,,
149855,(주)하우앳,청주오창과학일반산업단지,무선영상송수신모뎀,MFG,8,,,,,MFG,,,
149929,(주)한길이에스티,,전자식모터보호용누전차단기,MFG,8,,,,,MFG,,,
150074,(주)한림의료기,청주오창과학일반산업단지,의료기기,MFG,8,,,,,MFG,,,
149754,(주)한발엔지니어링,,유압실린더,MFG,8,,,,,MFG,,,
150224,(주)한빛테크,,포장용상자(판지상자),MFG,8,,,,,MFG,,,
149947,(주)한일테크,,"에어드라이기,에어필터,에어배관",MFG,8,,,,,MFG,,,
150302,(주)해솔,청주오창제3일반산업단지,"염색공장 피존, 제지공장 정전기 방지용세제",MFG,8,,,,,MFG,,,
150225,(주)행성화학,,"하이샷시 ,프로파일",MFG,8,,,,,MFG,,,
150075,(주)현대바이오랜드,청주오창과학일반산업단지,"의료기기,마스크팩",MFG,8,,,,,MFG,,,
150110,(주)현진에프엠비,,식육포장,MFG,8,,,,,MFG,,,
152073,(주)협동식품,,고춧가루,MFG,8,,,,,MFG,,,
150303,(주)혜움,청주오창제3일반산업단지,건축용 목구조재,MFG,8,,,,,MFG,,,
149850,(주)휴먼시스템,,인공지능 비전검사장치,MFG,8,,,,,MFG,,,
150150,(주)휴트론,청주오창과학일반산업단지,Lumbar support,MFG,8,,,,,MFG,,,
149767,GMT,,기계장비 부품,MFG,8,,,,,MFG,,,
150076,HDI(주),청주오창과학일반산업단지,MLB다층기판,MFG,8,,,,,MFG,,,
149808,MaDen Tech,,"산업기계, 자동화기계",MFG,8,,,,,MFG,,,
149917,WISE RUBBER SOLUTION,,오링(O링),MFG,8,,,,,MFG,,,
149918,강우이엔지(주),,"흡연부스 조립식 구조물, 흡연부스 조립식 구조물, 컨테이너하우스 , 기타이동식화장실",MFG,8,,,,,MFG,,,
149739,경인(주),,의료기기 부품,MFG,8,,,,,MFG,,,
149948,공단천막 기업,,천막,MFG,8,,,,,MFG,,,
149891,광동헬스바이오(주),청주오창과학일반산업단지,건강기능식품 등,MFG,8,,,,,MFG,,,
149978,광명엔지니어링,,"분말건조기,분말혼합기,산업기계",MFG,8,,,,,MFG,,,
150271,광명이엔지,,기계배관 및 배관 SUPPROT제품,MFG,8,,,,,MFG,,,
150002,국제정밀엔지니어링,,카크레인 부품(구조물),MFG,8,,,,,MFG,,,
150077,국제제과(주),청주오창과학일반산업단지,"설탕과자류, 혼합음료",MFG,8,,,,,MFG,,,
149828,그린기계,,"믹서, 탱크, 콘베어",MFG,8,,,,,MFG,,,
150078,그린트위드코리아(주),오창외국인투자지역,O-ring,MFG,8,,,,,MFG,,,
149740,그린포장,,포장지,MFG,8,,,,,MFG,,,
150026,그린피아,,"수처리기기(R/O system, 자외선 살균장치)",MFG,8,,,,,MFG,,,
150003,농업회사법인 (주)산수야,,김치류,MFG,8,,,,,MFG,,,
149811,농업회사법인 (주)쿡농산,,식품분말소스,MFG,8,,,,,MFG,,,
149949,농업회사법인 다비치농산(주),,대추건제품,MFG,8,,,,,MFG,,,
149967,농업회사법인 대파농산(주),,"세척대파, 건대파",MFG,8,,,,,MFG,,,
150079,농업회사법인 웰니스파머㈜,청주오창과학일반산업단지,"재배장치및기타농업용장비및장치, 스마트팜용설비, 재배장치및기타농업용장비및장치",MFG,8,,,,,MFG,,,
149787,농업회사법인 주식회사  보은목장,,단미사로,MFG,8,,,,,MFG,,,
149968,농업회사법인 주식회사 세영급식센터,,"포장육, 가공육",MFG,8,,,,,MFG,,,
150004,농업회사법인 주식회사 정가농산,,"절임배추, 콩치즈",MFG,8,,,,,MFG,,,
150272,농업회사법인 품 주식회사,,한우 부분육,MFG,8,,,,,MFG,,,
149812,농업회사법인 해단청(주),,"과실, 채소 가공 및 저장",MFG,8,,,,,MFG,,,
150080,농업회사법인 흙살림바이오(주),청주오창과학일반산업단지,"천연비료,가공식품",MFG,8,,,,,MFG,,,
150250,농업회사법인(주)팜스코,,톱밥버섯배지,MFG,8,,,,,MFG,,,
149755,다림산업(주),,인조모발원사,MFG,8,,,,,MFG,,,
150304,다보산업(주),청주오창제3일반산업단지,골판지 상자,MFG,8,,,,,MFG,,,
150305,다솔푸드테크(주),청주오창제3일반산업단지,"조미유, 짬뽕분말 등",MFG,8,,,,,MFG,,,
150184,다올산업(주),,울타리,MFG,8,,,,,MFG,,,
150027,다인,,전력기기 부품,MFG,8,,,,,MFG,,,
150005,대건,,스텐선반,MFG,8,,,,,MFG,,,
149829,대광이앤지,,종이 가공용 기계,MFG,8,,,,,MFG,,,
149894,대명광학(주),청주오창과학일반산업단지,안경렌즈,MFG,8,,,,,MFG,,,
149980,대명기업 주식회사,,철구조물,MFG,8,,,,,MFG,,,
149830,대성FS,,오징어채,MFG,8,,,,,MFG,,,
150028,대성테크,,전기자동제어판넬 및 분전반,MFG,8,,,,,MFG,,,
149768,대영산업,,"싱크대,AL판 가정용품",MFG,8,,,,,MFG,,,
149741,대영정공(주),,산업용차단기,MFG,8,,,,,MFG,,,
149831,대진테크,,기계식주차시설,MFG,8,,,,,MFG,,,
150006,대현엠.티,,심야축열식 난방기,MFG,8,,,,,MFG,,,
150226,더마바이오글로벌,,소취제,MFG,8,,,,,MFG,,,
146860,더원솔루션,청주오창과학일반산업단지,바닥 신호등,MFG,8,,,,,MFG,,,
149769,도원테크(주),,자동차 공조 부품 금형,MFG,8,,,,,MFG,,,
150185,동명공업사,,"굴삭기, 불도저, 정비",MFG,8,,,,,MFG,,,
149742,동하피엔씨(주),,"탄소섬유, C-FRP",MFG,8,,,,,MFG,,,
150306,두보산업(주),청주오창제3일반산업단지,골판지 상자,MFG,8,,,,,MFG,,,
149813,두성이엔지(주),,산업용냉장 및 냉동장비,MFG,8,,,,,MFG,,,
149895,디에이치오전자(주),청주오창과학일반산업단지,저항기,MFG,8,,,,,MFG,,,
149950,떡도리,,"가래떡, 떡볶이떡",MFG,8,,,,,MFG,,,
149814,떡볶이공장,,떡볶이소스,MFG,8,,,,,MFG,,,
150151,라이프업내추럴바이오(주),청주오창과학일반산업단지,장내유익균 활성화제품,MFG,8,,,,,MFG,,,
150307,로움하이텍(주),청주오창제3일반산업단지,"SOC, Krf resin",MFG,8,,,,,MFG,,,
150251,리젠산업개발,,골재,MFG,8,,,,,MFG,,,
149896,리파코 주식회사,청주오창과학일반산업단지,생활안전용품,MFG,8,,,,,MFG,,,
149897,리파코 주식회사,청주오창과학일반산업단지,생활안전용품,MFG,8,,,,,MFG,,,
149898,리파코 주식회사,청주오창과학일반산업단지,생활안전용품,MFG,8,,,,,MFG,,,
150084,린텍코리아(주),오창외국인투자지역,Clean Release Film 외,MFG,8,,,,,MFG,,,
149969,만수코팅,,컷팅 종이박스,MFG,8,,,,,MFG,,,
149970,만수코팅,,컷팅 종이박스,MFG,8,,,,,MFG,,,
149951,맘스케이크주식회사,,청주우리밀생크림오믈렛,MFG,8,,,,,MFG,,,
150314,맷셰프,,"간장 연어장,새우장",MFG,8,,,,,MFG,,,
150186,미림조명,,LED조명 및 램프 조립,MFG,8,,,,,MFG,,,
150042,바이온푸드,,식육추출가공품,MFG,8,,,,,MFG,,,
149982,백산산업,,철제거푸집,MFG,8,,,,,MFG,,,
149789,범양엔지니어링,,"공기조화기류및냉난방기류,철구조물",MFG,8,,,,,MFG,,,
149164,베스텍(주),청주오창과학일반산업단지,사이드미러,MFG,8,,,,,MFG,,,
149815,보경실업,,에어캡,MFG,8,,,,,MFG,,,
150085,보그워너오창유한책임회사,오창외국인투자지역,"트랜스퍼케이스, 커플링",MFG,8,,,,,MFG,,,
149770,부강이엔에스(주),,"전지형에너지저장장치,태양광발전장치외",MFG,8,,,,,MFG,,,
149983,부영테크(주),,"창틀 , 문틀",MFG,8,,,,,MFG,,,
149790,부용전선(주),,전선,MFG,8,,,,,MFG,,,
150007,블루텍 주식회사,,"차양, 조립식구조물, 갤러리창호, 증발냉방장치, 차양, 조립식구조물, 갤러리창호, 증발냉방장치, 차양, 조립식구조물, 갤러리창호, 증발냉방장치, 차양, 조립식구조물, 갤러리창호, 증발냉방장치, 차양, 조립식구조물, 갤러리창호, 증발냉방장치, 차양, 조립식구조물, 갤러리창호, 증발냉방장치, 차양, 조립식구조물, 갤러리창호, 증발냉방장치, 차양, 조립식구조물, 갤러리창호, 증발냉방장치",MFG,8,,,,,MFG,,,
149899,비비헬스케어(주),청주오창과학일반산업단지,의료용마스크,MFG,8,,,,,MFG,,,
150086,산사(주),청주오창과학일반산업단지,방충제,MFG,8,,,,,MFG,,,
149952,삼남매 장작,,땔감 기타목재,MFG,8,,,,,MFG,,,
150163,삼성에스디아이(주),청주오창과학일반산업단지,SOH,MFG,8,,,,,MFG,,,
149743,삼신종합석재,,"석제품, 도로경계석, 우수맨홀",MFG,8,,,,,MFG,,,
149984,삼정ENG,,용접 구조물 제작 및 특장차 부품제작,MFG,8,,,,,MFG,,,
149816,삼현테크,,일반 제재목 생산,MFG,8,,,,,MFG,,,
150189,새한프라텍(주),,"PE,PET용기",MFG,8,,,,,MFG,,,
149832,샘솟는컵,,종이컵,MFG,8,,,,,MFG,,,
149930,성보펫케어 주식회사,,"동물용 사료, 단미 사료",MFG,8,,,,,MFG,,,
149919,성진정밀,,"금형,컨베어",MFG,8,,,,,MFG,,,
149920,성진정밀(주),,"기계부품,자동화장비,운반대차,자동화설비기계제작",MFG,8,,,,,MFG,,,
149921,성진정밀(주),,"기계부품,자동화설비, 운반대차",MFG,8,,,,,MFG,,,
150309,세움산업,청주오창제3일반산업단지,"도장(의료, 자동차 모토부품 등)",MFG,8,,,,,MFG,,,
149791,세종테크,,"버섯재배용상자(바트), 농수산물건조기상자",MFG,8,,,,,MFG,,,
149861,송덕패키징(주),,목재상자,MFG,8,,,,,MFG,,,
150227,송암정밀,,스핀들,MFG,8,,,,,MFG,,,
150191,수광티티아이 주식회사,,자동차부품,MFG,8,,,,,MFG,,,
150264,스마트솔루션 주식회사,,"무인항공기, 무인비행장치",MFG,8,,,,,MFG,,,
149165,스템코(주),오창외국인투자지역,COF,MFG,8,,,,,MFG,,,
149166,스템코㈜,청주오창과학일반산업단지,"집적회로용 연성회로기판, 회로가공형 코일기판",MFG,8,,,,,MFG,,,
150029,승림테크,,"자동화설비 베이스 프레임, 한국형 PLS 모듈화 저장랙",MFG,8,,,,,MFG,,,
150192,신성에스피씨,,배전반 및 전기자동제어반,MFG,8,,,,,MFG,,,
150193,신성에스피씨,,"배전반, 전기자동제어반",MFG,8,,,,,MFG,,,
150228,신양산업개발(주),,아스콘,MFG,8,,,,,MFG,,,
149953,신영스마트보드,,"칠판, 스틸게시판",MFG,8,,,,,MFG,,,
149792,신웅엔지니어링(주),,"차단용조립구조재, 도로낙석방지용강재판넬",MFG,8,,,,,MFG,,,
149793,신웅엔지니어링(주),,"CLAMP,CLAMP SJOE",MFG,8,,,,,MFG,,,
150265,씨제이포디플렉스(주),,"시뮬레이터 기계장비, 시뮬레이터 기계장비",MFG,8,,,,,MFG,,,
150087,아반시스코리아(주),오창외국인투자지역,태양전지 모듈,MFG,8,,,,,MFG,,,
150252,아시아산업(주),,철재분체도장,MFG,8,,,,,MFG,,,
149844,아이디어광고,,"안전시설물, 사인물, 간판 안내판",MFG,8,,,,,MFG,,,
150030,아이엔씨 주식회사,,"수도계량기, 수량계 보호통, 수도계량기, 수량계 보호통, 수도계량기, 수량계 보호통, 수도계량기, 수량계 보호통",MFG,8,,,,,MFG,,,
149771,안덕테크(주),,수분경화형 포트홀 보수제 제조,MFG,8,,,,,MFG,,,
150088,양정산업(주),청주오창과학일반산업단지,샤프트,MFG,8,,,,,MFG,,,
149794,에스더블유네트워크(주),,"clamp,clamp sjoe",MFG,8,,,,,MFG,,,
150195,에스와이이엔지,,단열행거도어,MFG,8,,,,,MFG,,,
149168,에어프로덕츠코리아(주),청주오창과학일반산업단지,"산소,질소,알곤",MFG,8,,,,,MFG,,,
149169,에코디엠랩(주),청주오창과학일반산업단지,유전체,MFG,8,,,,,MFG,,,
150253,엔에스산업,,"패드, 스폰지 제품",MFG,8,,,,,MFG,,,
149986,엔피EnF,,"하네스(차량용, 설비용),전기연결장치",MFG,8,,,,,MFG,,,
149851,엠앤티시스템,,발효장치 및 키오스크,MFG,8,,,,,MFG,,,
150009,엠제이티,,마그네트그룹,MFG,8,,,,,MFG,,,
150010,영농조합법인 존디,,토마토쥬스,MFG,8,,,,,MFG,,,
149955,영푸드시스템(주)오창공장,,빵류,MFG,8,,,,,MFG,,,
150111,예원타스(주),,산업용배관 제조 및 부품제조,MFG,8,,,,,MFG,,,
150031,오륜테크,,"롤러, 산업기계",MFG,8,,,,,MFG,,,
150273,오선테크프론,,도장 및 기타피막 처리품,MFG,8,,,,,MFG,,,
150274,오양트레이딩컨퍼니,,전지대두,MFG,8,,,,,MFG,,,
149901,오창바로에이(주),청주오창과학일반산업단지,의료용마스크,MFG,8,,,,,MFG,,,
150196,오투이앤지 주식회사,,"송풍기, 공기순환팬, 천정형 CHU 외, 송풍기, 공기순환팬, 천정형 CHU 외, 액체 여과기",MFG,8,,,,,MFG,,,
150197,오투이앤지 주식회사,,"송풍기, 공기순환팬, 천정형 CHU 외",MFG,8,,,,,MFG,,,
150275,옥산케미칼,,펠렛,MFG,8,,,,,MFG,,,
150032,우리산전(주),,"회로보호용 차단기, 누전차단기 등",MFG,8,,,,,MFG,,,
149796,우성기업(주),,철제품 폐인트 도장,MFG,8,,,,,MFG,,,
149987,우원중공업(주),,건설기계부품,MFG,8,,,,,MFG,,,
150276,우주인쇄,,인쇄마닐라판지,MFG,8,,,,,MFG,,,
149988,월드산업,,자동차부품,MFG,8,,,,,MFG,,,
150154,웰니스파머(주),청주오창과학일반산업단지,"보조사료, 유기농자재",MFG,8,,,,,MFG,,,
150012,웰텍,,크레인 붐 구조물,MFG,8,,,,,MFG,,,
150033,유일,,"침대커버, 이불커버, 베개커버",MFG,8,,,,,MFG,,,
149835,유일케미칼,,하네스 CD관,MFG,8,,,,,MFG,,,
150095,유진광학,청주오창과학일반산업단지,광학몰드,MFG,8,,,,,MFG,,,
150266,윤미트,,돼지등뼈,MFG,8,,,,,MFG,,,
150199,이노일렉트릭 주식회사,,"태양광 인버터, 접속함",MFG,8,,,,,MFG,,,
150096,이리도스(주),청주오창과학일반산업단지,안료분산액,MFG,8,,,,,MFG,,,
149170,이손이엔엘(주),청주오창과학일반산업단지,미생물배양기,MFG,8,,,,,MFG,,,
149760,이에스팩,,의료용 포장지,MFG,8,,,,,MFG,,,
150034,인스산업개발주식회사,,"도로표지판,교통표지판",MFG,8,,,,,MFG,,,
149936,인터모빌리티(주),,추진제어장치,MFG,8,,,,,MFG,,,
150217,일성산업기계(주),,기계제작,MFG,8,,,,,MFG,,,
149845,작은세상(주),,"화목난로,스토브",MFG,8,,,,,MFG,,,
149757,정일판지 주식회사,,골판지 상자,MFG,8,,,,,MFG,,,
150161,제이솔루션,,"컨베어, 대차",MFG,8,,,,,MFG,,,
149990,제이씨에이오토노머스,,"항공기 부품수리, 항공용 엔진 점화장치, 기타 전기부품",MFG,8,,,,,MFG,,,
149171,제이에스알마이크로코리아(주),오창외국인투자지역,칼라레지스트,MFG,8,,,,,MFG,,,
150162,제이엠티,,"블럭, 지그A'SSY",MFG,8,,,,,MFG,,,
150277,제일전통영농조합법인,,"두충잎차, 두충잎1차가공, 쑥가공,커피",MFG,8,,,,,MFG,,,
150097,존슨일렉트릭오퍼레이션스(주),오창외국인투자지역,자동차용 부품,MFG,8,,,,,MFG,,,
149908,주경정미소,,백미,MFG,8,,,,,MFG,,,
150013,주식회사  더원테크,,다이아몬드공구,MFG,8,,,,,MFG,,,
150278,주식회사 강가개발,,토석,MFG,8,,,,,MFG,,,
149745,주식회사 광무 오창공장지점,,"영사 장비,폐쇄회로TV,CCTV,영상감시장치",MFG,8,,,,,MFG,,,
149937,주식회사 그림,,"두께측정기, 슬라이딩측정기, 비전검사기",MFG,8,,,,,MFG,,,
150200,주식회사 금오기술,,"연구장비, 품질검증장비, 전용 부품제작",MFG,8,,,,,MFG,,,
149991,주식회사 꿈제작소,,"대형화분, 등.평의자",MFG,8,,,,,MFG,,,
149773,주식회사 다니엘,,파라드 뮌스터 전기자전거,MFG,8,,,,,MFG,,,
149857,주식회사 더하이,청주오창과학일반산업단지,원격접속장치,MFG,8,,,,,MFG,,,
149902,주식회사 두원푸드,청주오창과학일반산업단지,육류가공품,MFG,8,,,,,MFG,,,
150014,주식회사 목원,,Module 및 전기회 Array 및 진단용 정션박스,MFG,8,,,,,MFG,,,
149956,주식회사 바로텍,,SSD 하이엔드 테스트 장비,MFG,8,,,,,MFG,,,
149836,주식회사 본네이처,,"천막, 텐트 및 유사 제품,  천막, 텐트 및 유사 제품,  천막, 텐트 및 유사 제품, 놀이터용 장비,  천막, 텐트 및 유사 제품",MFG,8,,,,,MFG,,,
150229,주식회사 삼형,,액체펌프 하수처리 구성품,MFG,8,,,,,MFG,,,
149774,주식회사 선진제닉스,,수도미터,MFG,8,,,,,MFG,,,
150279,주식회사 신화기연,,벨브실(함),MFG,8,,,,,MFG,,,
150016,주식회사 실로테크,,에어베어링스핀들,MFG,8,,,,,MFG,,,
150036,주식회사 아이엠티,,안전휴즈콕,MFG,8,,,,,MFG,,,
149938,주식회사 아이프리즘,,비전검사기,MFG,8,,,,,MFG,,,
149957,주식회사 에스엠코퍼레이션,,"배관제작,탱크제작,탱크가공",MFG,8,,,,,MFG,,,
150201,주식회사 에어로드,,산업용 송풍기 및 공기정화장치,MFG,8,,,,,MFG,,,
149992,주식회사 에어프로텍,,산업용 송풍기 관련장비 및 부품,MFG,8,,,,,MFG,,,
149798,주식회사 에이비씨헤파,,"자동차용품, 산업용필터",MFG,8,,,,,MFG,,,
150267,주식회사 에프에이치아이 코리아,,가전제품 및 의료기기,MFG,8,,,,,MFG,,,
150230,주식회사 엔씨솔,,"나프로-솔라, 나프로-루나",MFG,8,,,,,MFG,,,
149993,주식회사 엔피씨앤에이,,"전선 하네스(케이블) [차량용,설비용]",MFG,8,,,,,MFG,,,
149761,주식회사 예푸드,,"닭 오리 정육, 훈제",MFG,8,,,,,MFG,,,
150037,주식회사 용감한형제,,족발,MFG,8,,,,,MFG,,,
150311,주식회사 원익큐브,청주오창제3일반산업단지,실리콘실란트,MFG,8,,,,,MFG,,,
150231,주식회사 원플랜트,,탈질설비,MFG,8,,,,,MFG,,,
149922,주식회사 은진테크,,틈가드,MFG,8,,,,,MFG,,,
150098,주식회사 이상기술,청주오창과학일반산업단지,스마트그늘막,MFG,8,,,,,MFG,,,
149837,주식회사 지수하이테크,,금형 및 정밀기기,MFG,8,,,,,MFG,,,
149759,주식회사 지엘에코에너지,,"전기온풍기, 냉난방기",MFG,8,,,,,MFG,,,
150312,주식회사 청수아헬스케어,청주오창제3일반산업단지,인체세정용 물티슈,MFG,8,,,,,MFG,,,
149994,주식회사 컬리탑,,"튜브형 정량펌프, 호스펌프",MFG,8,,,,,MFG,,,
150202,주식회사 케이에스중량,,중량물 이송용 대차 및 운반 차공구,MFG,8,,,,,MFG,,,
149909,주식회사 케이푸드트리밍,,김치양념 맛장,MFG,8,,,,,MFG,,,
150233,주식회사 코프,,마스크,MFG,8,,,,,MFG,,,
150255,주식회사 크로바기계,,산업기계설비,MFG,8,,,,,MFG,,,
149762,주식회사 프랜즈,,발골육,MFG,8,,,,,MFG,,,
149958,주식회사 피엘엠이씨,,배관,MFG,8,,,,,MFG,,,
149959,주식회사 한길일렉트릭,,"계량기 임가공, 계량기 임가공",MFG,8,,,,,MFG,,,
149972,주식회사 한창엔지니어링,,"자동제어반, 프로세스제어반, 분전반, 수배전반, 영상감시장치, 보완용카메라",MFG,8,,,,,MFG,,,
149903,주식회사 해든,청주오창과학일반산업단지,생활안전용품,MFG,8,,,,,MFG,,,
149777,주식회사디엠아이,,사출금형,MFG,8,,,,,MFG,,,
149960,주식회사선유,,"PVA  연신설비, 롤 후레임(Roll-Frame)",MFG,8,,,,,MFG,,,
150316,중광산업사,,자동차용 철재 및 알미늄 부품,MFG,8,,,,,MFG,,,
150044,중신떡방앗간,,"떡류, 고춧가루, 참기름, 들기름",MFG,8,,,,,MFG,,,
149817,지게차 충청센타,,지게차 경정비,MFG,8,,,,,MFG,,,
150039,지수정밀,,알루미늄 가공품,MFG,8,,,,,MFG,,,
149838,지수테크,,철판가공품,MFG,8,,,,,MFG,,,
149747,지아이에이(주),,자동차엔진덮개,MFG,8,,,,,MFG,,,
150040,진원식품,,용우동소스,MFG,8,,,,,MFG,,,
149910,찐빵공장,,"찐빵, 믹스도넛",MFG,8,,,,,MFG,,,
150017,찬테크,,스크류양산부품,MFG,8,,,,,MFG,,,
150158,창성유니버스,청주오창과학일반산업단지,화재 경보기,MFG,8,,,,,MFG,,,
149995,청암산업(주),,철구조물제조업,MFG,8,,,,,MFG,,,
150041,청우기계,,산업기계,MFG,8,,,,,MFG,,,
150235,청원공조산업,,공기조화기구,MFG,8,,,,,MFG,,,
149923,청원생명농협쌀조합공동사업법인,,"백미,현미,배아미,미강 등 부산물",MFG,8,,,,,MFG,,,
149924,청원생명농협쌀조합공동사업법인 식품소재가공센터,,파보일드라이스,MFG,8,,,,,MFG,,,
149800,청정크린,,"산업용필터, 자동차용품",MFG,8,,,,,MFG,,,
149801,청주BCR,,직물포대,MFG,8,,,,,MFG,,,
150256,청주라미네이팅,,"인쇄물, 코팅물",MFG,8,,,,,MFG,,,
150257,청주축산업협동조합,,TMR사료,MFG,8,,,,,MFG,,,
149748,충청케미칼(유),,자동차 엔진덮개,MFG,8,,,,,MFG,,,
149858,케이테크,청주오창과학일반산업단지,"멀티이어셋,이어형체온계",MFG,8,,,,,MFG,,,
149802,크린스페이스 주식회사,,"크린부스 및 알루미늄 구조재, 크린부스 및 알루미늄 구조재, 크린부스 및 알루미늄 구조재, 크린부스 및 알루미늄 구조재",MFG,8,,,,,MFG,,,
150313,태림포장(주),청주오창제3일반산업단지,"포장용박스, 골판지 상자, 전기",MFG,8,,,,,MFG,,,
150280,태산산업,,h-빔 및 철판가공품,MFG,8,,,,,MFG,,,
149973,태성이엔지,,"Magnet Gear, Magnet Coupling,Magnet",MFG,8,,,,,MFG,,,
149803,태원상사,,포장지(반제품),MFG,8,,,,,MFG,,,
149996,택진ENG,,"산업설비제작기계,정밀부품",MFG,8,,,,,MFG,,,
149839,티엠테크,,"신호등 철주, CCTV 철주, 기초앙카",MFG,8,,,,,MFG,,,
149172,파워마스터반도체 주식회사,오창외국인투자지역,SiC Diode/MOFET,MFG,8,,,,,MFG,,,
149778,파이어킴이에스(주),,"소화기, 무선 통신장비",MFG,8,,,,,MFG,,,
149173,퍼멘텍(주),청주오창과학일반산업단지,"플랜트,기계장비,배양기,보조사료",MFG,8,,,,,MFG,,,
150018,포유테크,,ETCH장비,MFG,8,,,,,MFG,,,
149925,퓨전푸드시스템,,"로스트베타믹스,피자소스",MFG,8,,,,,MFG,,,
150281,피드앤그레인(주),,코팅면실(가축사료),MFG,8,,,,,MFG,,,
149904,하시산업(Hasi산업),청주오창과학일반산업단지,안경렌즈용 몰드가공,MFG,8,,,,,MFG,,,
149859,하워드랩 주식회사,청주오창과학일반산업단지,무선 통신 모듈 및 기타 센서,MFG,8,,,,,MFG,,,
150104,하이솔이엠 주식회사,청주오창과학일반산업단지,에폭시,MFG,8,,,,,MFG,,,
150236,한결이엔지주식회사,,분전반,MFG,8,,,,,MFG,,,
149779,한국기연(주),,"산업용기계(리프트,콤베이어,와인더 등)",MFG,8,,,,,MFG,,,
149961,한국스팀보일러,,산업용 보일러,MFG,8,,,,,MFG,,,
150105,한국캠브리지필터(주),청주오창과학일반산업단지,"공조용에어필터,첨착활성탄",MFG,8,,,,,MFG,,,
149905,한국호야렌즈(주),청주오창과학일반산업단지,안경렌즈,MFG,8,,,,,MFG,,,
149931,한길이에스티,,전지접촉기(계량기),MFG,8,,,,,MFG,,,
149932,한길이에스티,,산업용 누전차단기,MFG,8,,,,,MFG,,,
150106,한림헬스케어,청주오창과학일반산업단지,금형,MFG,8,,,,,MFG,,,
150203,한미수출포장,,목재상자,MFG,8,,,,,MFG,,,
149926,한빛테크,,mini spray machine,MFG,8,,,,,MFG,,,
149174,한솔테크닉스(주),청주오창과학일반산업단지,"태양광모듈등, ., ., ., ., ., ., .",MFG,8,,,,,MFG,,,
150112,한신기획,,"간판,현수막",MFG,8,,,,,MFG,,,
152074,현대농산,,유기질 비료,MFG,8,,,,,MFG,,,
179623,홍삼월드플러스,,"장생홍삼순액,홍삼고,홍삼단 등",MFG,8,,,,,MFG,,,
149927,효성에너텍,,농업용열선 열선제어기,MFG,8,,,,,MFG,,,
150259,(주)동인산업,,,NONE,0,,,,,NONE,,,
