bld_id,label,labeler,image_year
121902,미설치,ai-1,
120978,미설치,ai-1,
121057,미설치,ai-1,
653594,설치,ai-1,
646293,미설치,ai-1,
653466,미설치,ai-1,
143281,미설치,ai-1,
237240,설치,ai-1,
143334,미설치,ai-1,
653516,미설치,ai-1,
124672,불명,ai-1,
646034,불명,ai-1,
124511,미설치,ai-1,
646283,미설치,ai-1,
122601,설치,ai-1,
236933,설치,ai-1,
645683,미설치,ai-1,
236925,미설치,ai-1,
645763,미설치,ai-1,
125297,설치,ai-1,
237536,미설치,ai-1,
236937,설치,ai-1,
125019,미설치,ai-1,
244948,설치,ai-1,
125252,설치,ai-1,
633717,미설치,ai-1,
236935,설치,ai-1,
124830,미설치,ai-1,
646783,설치,ai-1,
653338,설치,ai-1,
125191,미설치,ai-1,
121807,불명,ai-1,
120993,미설치,ai-1,
142164,미설치,ai-1,
124981,미설치,ai-1,
638333,미설치,ai-1,
236932,미설치,ai-1,
646284,불명,ai-1,
122524,설치,ai-1,
236934,미설치,ai-1,
124761,불명,ai-1,
124852,불명,ai-1,
124520,불명,ai-1,
645263,미설치,ai-1,
237545,미설치,ai-1,
142250,미설치,ai-1,
643001,미설치,ai-1,
236928,미설치,ai-1,
121484,미설치,ai-1,
124976,미설치,ai-1,
330370,미설치,ai-1,
125181,미설치,ai-1,
633803,미설치,ai-1,
633703,설치,ai-1,
633519,미설치,ai-1,
647045,설치,ai-1,
633447,미설치,ai-1,
633448,미설치,ai-1,
633451,미설치,ai-1,
633449,미설치,ai-1,
633452,미설치,ai-1,
122867,미설치,ai-1,
121806,미설치,ai-1,
121551,미설치,ai-1,
121906,미설치,ai-1,
124239,미설치,ai-1,
121830,미설치,ai-1,
121715,미설치,ai-1,
122755,미설치,ai-1,
122499,미설치,ai-1,
122024,미설치,ai-1,
123312,미설치,ai-1,
124625,불명,ai-1,
124434,불명,ai-1,
124916,설치,ai-1,
124078,미설치,ai-1,
125243,불명,ai-1,
124751,미설치,ai-1,
125214,불명,ai-1,
333572,미설치,ai-1,
125069,미설치,ai-1,
333586,설치,ai-1,
123579,미설치,ai-1,
323650,미설치,ai-1,
123399,미설치,ai-1,
143257,미설치,ai-1,
125401,미설치,ai-1,
124071,미설치,ai-1,
646110,미설치,ai-1,
122975,미설치,ai-1,
646107,미설치,ai-1,
122219,미설치,ai-1,
262565,미설치,ai-1,
121048,미설치,ai-1,
655063,미설치,ai-1,
142443,미설치,ai-1,
449426,설치,ai-1,
376450,미설치,ai-1,
125248,미설치,ai-1,
122131,설치,ai-1,
646763,미설치,ai-1,
123162,불명,ai-1,
402720,설치,ai-1,
121307,미설치,ai-1,
237255,미설치,ai-1,
236890,미설치,ai-1,
646304,미설치,ai-1,
142227,미설치,ai-1,
125098,미설치,ai-1,
638336,미설치,ai-1,
242818,미설치,ai-1,
372679,미설치,ai-1,
143282,미설치,ai-1,
333571,미설치,ai-1,
142247,미설치,ai-1,
121539,미설치,ai-1,
124921,미설치,ai-1,
122710,미설치,ai-1,
333252,미설치,ai-1,
243058,설치,ai-1,
645229,미설치,ai-1,
237246,미설치,ai-1,
122478,미설치,ai-1,
125336,설치,ai-1,
142651,미설치,ai-1,
121093,설치,ai-1,
143239,미설치,ai-1,
124207,미설치,ai-1,
124837,미설치,ai-1,
237250,미설치,ai-1,
121449,미설치,ai-1,
121186,미설치,ai-1,
643687,미설치,ai-1,
262883,미설치,ai-1,
143241,미설치,ai-1,
236939,미설치,ai-1,
124882,미설치,ai-1,
142251,미설치,ai-1,
143335,미설치,ai-1,
124515,불명,ai-1,
646090,미설치,ai-1,
633515,미설치,ai-1,
633481,미설치,ai-1,
633454,미설치,ai-1,
633603,미설치,ai-1,
643962,미설치,ai-1,
633472,미설치,ai-1,
633455,미설치,ai-1,
633480,미설치,ai-1,
633475,미설치,ai-1,
647044,설치,ai-1,
633551,불명,ai-1,
633467,미설치,ai-1,
122463,미설치,ai-1,
122945,미설치,ai-1,
120879,미설치,ai-1,
121409,미설치,ai-1,
123134,미설치,ai-1,
125103,미설치,ai-1,
121405,설치,ai-1,
125158,미설치,ai-1,
123699,미설치,ai-1,
639526,미설치,ai-1,
237541,미설치,ai-1,
124753,설치,ai-1,
124592,미설치,ai-1,
121828,불명,ai-1,
236882,미설치,ai-1,
646295,미설치,ai-1,
123455,미설치,ai-1,
645084,미설치,ai-1,
646554,미설치,ai-1,
123705,설치,ai-1,
124770,불명,ai-1,
122824,불명,ai-1,
142650,설치,ai-1,
353108,미설치,ai-1,
122379,미설치,ai-1,
125125,미설치,ai-1,
125008,미설치,ai-1,
122230,미설치,ai-1,
645147,미설치,ai-1,
120998,미설치,ai-1,
245378,미설치,ai-1,
122188,미설치,ai-1,
122349,미설치,ai-1,
243123,설치,ai-1,
124932,미설치,ai-1,
143336,미설치,ai-1,
123996,미설치,ai-1,
142229,미설치,ai-1,
237248,미설치,ai-1,
123017,미설치,ai-1,
121753,미설치,ai-1,
143332,미설치,ai-1,
121488,미설치,ai-1,
123572,미설치,ai-1,
143240,미설치,ai-1,
123607,미설치,ai-1,
120945,미설치,ai-1,
125110,미설치,ai-1,
124043,미설치,ai-1,
122282,미설치,ai-1,
125127,미설치,ai-1,
120980,미설치,ai-1,
649154,미설치,ai-1,
122204,미설치,ai-1,
125010,미설치,ai-1,
121167,미설치,ai-1,
121961,미설치,ai-1,
123662,미설치,ai-1,
124881,미설치,ai-1,
122709,미설치,ai-1,
121639,미설치,ai-1,
122531,설치,ai-1,
122911,미설치,ai-1,
638142,미설치,ai-1,
143344,설치,ai-1,
121656,미설치,ai-1,
236909,미설치,ai-1,
143343,미설치,ai-1,
124485,미설치,ai-1,
121123,미설치,ai-1,
236908,설치,ai-1,
121588,설치,ai-1,
236893,불명,ai-1,
125047,미설치,ai-1,
331973,미설치,ai-1,
236877,설치,ai-1,
125175,미설치,ai-1,
122286,미설치,ai-1,
121328,미설치,ai-1,
236892,미설치,ai-1,
236907,미설치,ai-1,
122147,미설치,ai-1,
121293,미설치,ai-1,
646031,미설치,ai-1,
122892,미설치,ai-1,
124955,불명,ai-1,
245571,미설치,ai-1,
236879,미설치,ai-1,
121595,미설치,ai-1,
122725,미설치,ai-1,
244694,미설치,ai-1,
646303,미설치,ai-1,
323666,미설치,ai-1,
142151,미설치,ai-1,
645103,미설치,ai-1,
237237,미설치,ai-1,
236906,미설치,ai-1,
124525,미설치,ai-1,
122762,미설치,ai-1,
124780,미설치,ai-1,
121078,미설치,ai-1,
125173,설치,ai-1,
633694,미설치,ai-1,
124629,미설치,ai-1,
647163,미설치,ai-1,
121553,미설치,ai-1,
124447,불명,ai-1,
644704,미설치,ai-1,
236883,미설치,ai-1,
125104,미설치,ai-1,
236944,미설치,ai-1,
122898,미설치,ai-1,
124851,미설치,ai-1,
121853,미설치,ai-1,
645163,설치,ai-1,
124163,미설치,ai-1,
645903,미설치,ai-1,
372348,미설치,ai-1,
124807,미설치,ai-1,
122955,미설치,ai-1,
122780,미설치,ai-1,
645427,미설치,ai-1,
125432,미설치,ai-1,
643088,미설치,ai-1,
646006,미설치,ai-1,
124804,미설치,ai-1,
121413,불명,ai-1,
125056,설치,ai-1,
653524,미설치,ai-1,
635609,미설치,ai-1,
124926,미설치,ai-1,
653512,미설치,ai-1,
122056,미설치,ai-1,
236886,미설치,ai-1,
122279,미설치,ai-1,
124739,미설치,ai-1,
125090,설치,ai-1,
124889,미설치,ai-1,
125225,미설치,ai-1,
236884,미설치,ai-1,
122565,미설치,ai-1,
646071,미설치,ai-1,
320793,미설치,ai-1,
121504,미설치,ai-1,
236902,불명,ai-1,
142073,미설치,ai-1,
237593,미설치,ai-1,
124841,불명,ai-1,
237597,미설치,ai-1,
125164,미설치,ai-1,
124818,불명,ai-1,
245962,미설치,ai-1,
125714,불명,ai-1,
125587,불명,ai-1,
125171,설치,ai-1,
122766,미설치,ai-1,
121873,미설치,ai-1,
121868,미설치,ai-1,
124603,미설치,ai-1,
121534,미설치,ai-1,
124259,불명,ai-1,
122127,미설치,ai-1,
236900,불명,ai-1,
124781,불명,ai-1,
124666,불명,ai-1,
124939,불명,ai-1,
124946,미설치,ai-1,
124930,미설치,ai-1,
122602,설치,ai-1,
122570,불명,ai-1,
124191,불명,ai-1,
124850,미설치,ai-1,
124538,미설치,ai-1,
125425,미설치,ai-1,
124483,미설치,ai-1,
124482,불명,ai-1,
123255,설치,ai-1,
121672,불명,ai-1,
123587,미설치,ai-1,
124619,미설치,ai-1,
124300,불명,ai-1,
124999,불명,ai-1,
125006,불명,ai-1,
