group,ksic,keyword,origin
이차전지,C28,이차전지,명세
이차전지,C28,배터리,명세
이차전지,C28,양극재,명세
이차전지,C28,음극재,명세
이차전지,C28,전해액,명세
이차전지,C28,분리막,명세
이차전지,C28,2차전지,추가
이차전지,C28,리튬,추가
이차전지,C28,축전지,추가
이차전지,C28,BMS,추가
이차전지,C28,ESS,추가
반도체·디스플레이,C26,반도체,명세
반도체·디스플레이,C26,웨이퍼,명세
반도체·디스플레이,C26,디스플레이,명세
반도체·디스플레이,C26,PCB,명세
반도체·디스플레이,C26,Display,추가
반도체·디스플레이,C26,LCD,추가
반도체·디스플레이,C26,OLED,추가
반도체·디스플레이,C26,인쇄회로기판,추가
반도체·디스플레이,C26,편광판,추가
반도체·디스플레이,C26,전자부품,추가
화학,C20,화학,명세
화학,C20,수지,명세
화학,C20,도료,명세
화학,C20,접착,명세
화학,C20,화장품,추가
화학,C20,세정제,추가
화학,C20,산업용가스,추가
화학,C20,의료용가스,추가
화학,C20,윤활유,추가
의약·바이오,C21,의약,명세
의약·바이오,C21,바이오,명세
의약·바이오,C21,원료의약,명세
플라스틱·고무,C22,플라스틱,명세
플라스틱·고무,C22,고무,명세
플라스틱·고무,C22,필름,추가
유리·세라믹·시멘트,C23,유리,명세
유리·세라믹·시멘트,C23,세라믹,명세
유리·세라믹·시멘트,C23,시멘트,명세
유리·세라믹·시멘트,C23,석영,추가
유리·세라믹·시멘트,C23,QUARTZ,추가
유리·세라믹·시멘트,C23,콘크리트,추가
유리·세라믹·시멘트,C23,레미콘,추가
1차금속,C24,금속,명세
1차금속,C24,주조,명세
1차금속,C24,압연,명세
