bld_id,label,note
120980,미설치,외곽선 위쪽 경계 바로 밖에 이웃 패널
121048,미설치,파란 지붕 절반이 줄무늬로 밝음(패널 아님)
121093,설치,"파란 지붕 위 패널 열, 다소 흐림"
121328,미설치,
121405,설치,
121409,미설치,
121413,불명,짙은 지붕 전체가 흐려 패널·금속지붕 구분 불가
121449,미설치,
121488,미설치,위쪽 푸른 얼룩 면은 낡은 지붕으로 판단
121504,미설치,
121588,설치,
121806,미설치,
121807,설치,"가는 어두운 띠 3줄, 패널로 판단(환기창일 수 있음)"
121830,미설치,중앙 어두운 격자는 옥상 설비로 판단
122131,설치,
122188,미설치,
122204,미설치,
122279,미설치,
122282,미설치,
122524,설치,
122531,설치,
122601,설치,좌하단 소규모 패널
122602,설치,
122780,미설치,왼쪽 가장자리 어두운 띠는 그늘·벽면으로 판단
123134,미설치,
123255,설치,"외곽선이 건물과 어긋남, 하단 패널은 안쪽"
123579,미설치,
123587,미설치,
123699,미설치,녹색 지붕의 밝은 줄무늬는 채광창
123705,설치,
124207,미설치,
124483,미설치,
124525,미설치,"외곽선이 흰 지붕 띠, 이웃 파란 지붕 밝은 줄은 채광창"
124629,미설치,외곽선이 큰 지붕 옆 좁은 띠에 걸침
124753,설치,
124916,설치,
124946,미설치,
125010,미설치,"짙은 녹색 지붕, 패널 격자 없음"
125056,설치,
125090,설치,
125110,미설치,
125171,설치,
125173,설치,왼쪽 가장자리 띠에만 패널
125243,설치,좌하단 어두운 띠 한 줄을 패널로 판단
125252,설치,
125297,설치,
125336,설치,
142650,설치,
142651,미설치,
143239,미설치,
143240,미설치,
143281,미설치,
143336,미설치,
143344,설치,
236877,설치,
236890,미설치,
236906,미설치,
236908,설치,
236932,미설치,
236933,설치,
236935,설치,
236937,설치,
237240,설치,외곽선 경계의 띠 모양 패널
237541,미설치,
237597,미설치,
242818,미설치,
243058,설치,"녹색 지붕 위 어두운 모듈 열, 패널로 판단"
243123,설치,
244948,설치,상단 소규모 패널
262883,미설치,
333586,설치,오른쪽 동에만 패널
402720,설치,
449426,설치,
633452,미설치,
633454,미설치,
633703,설치,
633717,미설치,
638336,미설치,
645103,미설치,
645163,설치,
645229,미설치,
646034,불명,"외곽선 대부분이 나대지·잔디, 대상 건물 특정 불가"
646090,미설치,
646283,미설치,
646303,미설치,외곽선이 건물과 어긋나 절반이 잔디
646554,미설치,좌상단 흰 줄무늬 면은 채광창·골지붕으로 판단
646763,미설치,
646783,설치,
647044,설치,패널이 밝게 반사되어 회색으로 보임
647045,설치,
653338,설치,
653594,설치,
