bld_id,blocked_pct,note
120978,50,왼쪽 절반은 깨끗한 흰 지붕이나 오른쪽 절반은 배관·탱크·설비 밀집
120993,20,본 지붕은 깨끗함. 위쪽 띠의 냉각탑·설비와 왼쪽 아래 옥탑·단차
121057,30,위쪽 가장자리 설비와 아래쪽 채광창 줄무늬 구간·어두운 옥탑
121807,30,오른쪽 띠의 냉각탑 구역과 파란 지붕 위 채광창 3줄·환기구
121902,40,여러 단으로 나뉜 콘크리트 옥상에 설비·난간·단차 그림자 다수
122601,20,중정은 외곽선 밖. 흰 지붕에 설비 몇 곳과 왼쪽 아래 기존 패널
124511,30,용마루 환기 모니터 2줄과 채광창 줄무늬가 반복
124672,,판독 불가(영상이 수채화처럼 뭉개짐)
124830,20,가운데 금속 지붕은 깨끗함. 둘레의 설비·탱크와 위쪽 옥상 설비
125019,20,녹색 방수 옥상 대부분 비어 있음. 옥탑과 단차·난간선·왼쪽 아래 설비
125191,20,어두운 지붕 전체에 밝은 채광창 띠가 여러 줄
125252,80,이미 태양광 패널이 대부분 덮음. 나머지도 설비·옥탑
125297,80,이미 태양광 패널이 줄지어 덮고 사이 공간에 설비
143281,20,긴 흰 지붕에 용마루 환기 모니터 줄과 환기구 얼룩
143334,20,흰 지붕 대부분 깨끗함. 위쪽 구역 설비와 가운데 홈통·배관 줄
236925,0,갈색 지붕 전체가 깨끗하고 장애물 거의 없음
236933,100,지붕 전체를 이미 태양광 패널이 덮고 사이에 설비
236935,90,이미 태양광 패널이 거의 전면. 빈 곳은 채광창·설비 자리뿐
236937,80,이미 태양광 패널이 대부분. 오른쪽 아래 긴 띠만 비어 있음
237240,30,위쪽 가장자리에 기존 패널 한 줄과 설비·단차
237536,20,평지붕 대부분 비어 있음. 아래쪽 냉각탑과 왼쪽 설비 구역·옥탑
244948,20,파란 박공지붕 깨끗함. 위쪽 기존 패널 한 구역과 왼쪽 부속동 설비
633717,10,평지붕 거의 비어 있음. 작은 환기구 점과 난간선 정도
645683,0,회색 지붕 전체가 깨끗함. 가장자리 소형 설비만
645763,10,흰 지붕 대부분 깨끗함. 위쪽 옥탑과 가장자리 소형 설비
646034,80,외곽선 안 대부분이 잔디·마당. 건물은 일부이고 그 위에도 설비
646283,30,외곽선이 두 지붕에 걸쳐 어긋남. 사이 통로와 가장자리 배관·설비
646284,100,외곽선 안이 잔디와 도로뿐이고 지붕이 없음
646293,50,위쪽 절반은 깨끗한 지붕. 아래쪽은 냉각탑 다수와 왼쪽 그림자·벽면
646783,70,기존 패널 두 구역과 옥상 정원·설비. 오른쪽 아래와 왼쪽 위만 비어 있음
653338,50,긴 지붕의 아래쪽 절반에 이미 태양광 패널
653466,20,흰 지붕 대부분 깨끗함. 외곽선이 어긋나 틈·설비 띠와 왼쪽 어두운 부분 포함
653516,10,회색 지붕 깨끗함. 오른쪽 위 녹색 옥상 구역에 설비
653594,90,지붕 대부분을 이미 태양광 패널이 덮음. 위쪽 파란 띠만 비어 있음
